/*!40101 SET @OLD_CHARACTER_SET_CLIENT=@@CHARACTER_SET_CLIENT */;
/*!40101 SET NAMES utf8 */;
/*!50503 SET NAMES utf8mb4 */;
/*!40103 SET @OLD_TIME_ZONE=@@TIME_ZONE */;
/*!40103 SET TIME_ZONE='+00:00' */;
/*!40014 SET @OLD_FOREIGN_KEY_CHECKS=@@FOREIGN_KEY_CHECKS, FOREIGN_KEY_CHECKS=0 */;
/*!40101 SET @OLD_SQL_MODE=@@SQL_MODE, SQL_MODE='NO_AUTO_VALUE_ON_ZERO' */;
/*!40111 SET @OLD_SQL_NOTES=@@SQL_NOTES, SQL_NOTES=0 */;

CREATE DATABASE IF NOT EXISTS `basedatosbiblioteca` /*!40100 DEFAULT CHARACTER SET utf8mb4 COLLATE utf8mb4_spanish_ci */;
USE `basedatosbiblioteca`;

CREATE TABLE IF NOT EXISTS `asignatura` (
  `ID_Asignatura` varchar(60) NOT NULL,
  PRIMARY KEY (`ID_Asignatura`)
) ENGINE=InnoDB DEFAULT CHARSET=utf8mb4 COLLATE=utf8mb4_spanish_ci COMMENT='Asignatura en la que pertenece el libro';

INSERT INTO `asignatura` (`ID_Asignatura`) VALUES
	('Administracion'),
	('Administración de Empresas'),
	('Administración de Personal'),
	('Agricultura'),
	('Agricultura-Diccionarios'),
	('Álgebra'),
	('Almanaques Mundiales'),
	('Anatomia Humana'),
	('Animales'),
	('Arte Decorativo'),
	('Artes Plásticas y Escultura'),
	('Artistica'),
	('Astronomía'),
	('Astronomia-1'),
	('Avicultura'),
	('Bibliografia-Estadal'),
	('Biografías-Infantil'),
	('Biología'),
	('Biología Celular'),
	('Bioquímica'),
	('Botánica'),
	('Botánica-Zoología-Diccionarios'),
	('Cálculo'),
	('Castellano y literatura'),
	('Ciencias de la Tierra'),
	('Ciencias Naturales'),
	('Ciencias Políticas'),
	('Ciencias Puras-Diccionarios'),
	('Comercio'),
	('Computación'),
	('Contabilidad'),
	('Contaminacion Ambiental'),
	('Cuentos de Animales'),
	('Cuentos de Aventuras'),
	('Cuentos de Hadas y Fantasía'),
	('Cuentos Realistas'),
	('Cuentos Venezolanos'),
	('Cultivos'),
	('Curriculo'),
	('Deportes'),
	('Derecho'),
	('Derecho Constitucional'),
	('Derecho Laboral'),
	('Derecho Penal'),
	('Dibujo'),
	('Drogas'),
	('Ecología'),
	('Economía Venezolana'),
	('Educación'),
	('Educación Básica'),
	('Educación Familiar y Ciudadana'),
	('Educación Física'),
	('Educación para la salud'),
	('Educación Preescolar'),
	('Educación Rural'),
	('Educación Superior'),
	('Electricidad'),
	('Electrónica'),
	('Enciclopedias'),
	('Enciclopedias y Diccionarios'),
	('Enciclopedias-I'),
	('Enfermedades varias'),
	('Enfermeria'),
	('Estadística Social'),
	('Estudios de la Naturaleza'),
	('Fábulas'),
	('Fabulas Venezolanas'),
	('Fertilizantes'),
	('Filosofía'),
	('Filosofía de la Educación'),
	('Filosofía-Diccionarios'),
	('Física'),
	('Fisioquímica'),
	('Fruticultura'),
	('Ganaderia'),
	('Geografía de Venezuela'),
	('Geografía Económica'),
	('Geometría'),
	('Historia'),
	('Historia de Amercia'),
	('Historia de Venezuela'),
	('Historia del Arte'),
	('Historia Europea'),
	('Historia Local-Rubio-Junin'),
	('Historia Universal'),
	('Historia-Diccionarios'),
	('Informática'),
	('Ingenieria'),
	('Ingles'),
	('Lengua y Comunicación'),
	('Límites y Fronteras'),
	('Linguistica-Diccionario'),
	('Literatura'),
	('Literatura-Diccionarios'),
	('Macroeconomía'),
	('Manualidades'),
	('Matemática Financiera'),
	('Matemáticas'),
	('Medicina'),
	('Medicina-Diccionarios'),
	('Medios de Comunicación'),
	('Medios de Transporte'),
	('Mercadotecnia'),
	('Metodología de la Investigación'),
	('Mitos y Leyendas Venezolanas'),
	('Mujer y Familia'),
	('Musica'),
	('Naturismo'),
	('Novelas'),
	('Novelas de Aventuras'),
	('Novelas Históricas'),
	('Novelas Venezolanas'),
	('Nutrición'),
	('Orientación'),
	('Pedagogía'),
	('Pediatría'),
	('Periodismo'),
	('Petróleo '),
	('Pintura'),
	('Poesías'),
	('Poesías y Canciones Venezolanas'),
	('Premilitar'),
	('Psicología'),
	('Psicología Educativa'),
	('Psicología-Diccionarios'),
	('Publicaciones Oficiales-Folklore'),
	('Publicaciones Periódicas'),
	('Química'),
	('Química Orgánica'),
	('Química-Física-Diccionario'),
	('Reciclaje'),
	('Religion'),
	('Sección de los más pequeños'),
	('Seguridad Industrial'),
	('Servicios Sociales'),
	('Sociales'),
	('Sociología'),
	('Teatro'),
	('Teatro Venezolano'),
	('Técnicas de Lectura'),
	('Tecnicas de Oficina'),
	('Zoología'),
	('Zootecnia');

CREATE TABLE IF NOT EXISTS `cargo` (
  `ID_Cargo` int(11) NOT NULL AUTO_INCREMENT,
  `ID_Usuario` int(11) DEFAULT NULL,
  `Nombre_Cargo` varchar(50) DEFAULT NULL,
  PRIMARY KEY (`ID_Cargo`),
  KEY `ID_CargoxUsuarios` (`ID_Usuario`),
  CONSTRAINT `ID_CargoxUsuarios` FOREIGN KEY (`ID_Usuario`) REFERENCES `usuarios` (`ID_Usuario`) ON DELETE NO ACTION ON UPDATE NO ACTION
) ENGINE=InnoDB AUTO_INCREMENT=3 DEFAULT CHARSET=utf8mb4 COLLATE=utf8mb4_spanish_ci COMMENT='Cargo del Empleado';

INSERT INTO `cargo` (`ID_Cargo`, `ID_Usuario`, `Nombre_Cargo`) VALUES
	(1, NULL, 'Encargado de Servicio'),
	(2, NULL, 'Asistente Bibliotecario');

CREATE TABLE IF NOT EXISTS `categoria` (
  `ID_Categoria` varchar(80) NOT NULL,
  PRIMARY KEY (`ID_Categoria`)
) ENGINE=InnoDB DEFAULT CHARSET=utf8mb4 COLLATE=utf8mb4_spanish_ci COMMENT='Categoria donde pertenece el libro(s)';

INSERT INTO `categoria` (`ID_Categoria`) VALUES
	('Artes y recreación'),
	('Ciencias Básicas'),
	('Ciencias de la Computación, Información y Obras Generales'),
	('Ciencias Sociales'),
	('Estadal-B'),
	('Filosofía y Psicología'),
	('Historia y Geografía'),
	('Infantil-X'),
	('Lenguas'),
	('Literatura'),
	('Religión, Teología'),
	('Tecnología y Ciencias Aplicadas');

CREATE TABLE IF NOT EXISTS `cliente` (
  `ID_Cliente` int(11) NOT NULL AUTO_INCREMENT,
  `ID_Prestamo` varchar(50) DEFAULT NULL,
  `Cedula_Cliente` int(30) DEFAULT NULL,
  `Nombre` varchar(45) DEFAULT NULL,
  `Apellido` varchar(45) DEFAULT NULL,
  `Telefono` varchar(30) DEFAULT NULL,
  `Direccion` varchar(80) DEFAULT NULL,
  `estado_cliente` enum('activo','eliminado') DEFAULT 'activo',
  PRIMARY KEY (`ID_Cliente`),
  KEY `ID_ClientexPrestamo` (`ID_Prestamo`),
  CONSTRAINT `ID_ClientexPrestamo` FOREIGN KEY (`ID_Prestamo`) REFERENCES `prestamo` (`ID_Prestamo`) ON DELETE CASCADE ON UPDATE CASCADE
) ENGINE=InnoDB DEFAULT CHARSET=utf8mb4 COLLATE=utf8mb4_spanish_ci COMMENT='Clientes registrados en la Base de Datos de la Biblioteca';


CREATE TABLE IF NOT EXISTS `libro` (
  `ID_Libro` int(11) NOT NULL AUTO_INCREMENT,
  `ID_Sala` varchar(50) DEFAULT NULL,
  `ID_Categoria` varchar(80) DEFAULT NULL,
  `ID_Asignatura` varchar(60) DEFAULT NULL,
  `ID_Libro_Prestamo` int(11) DEFAULT NULL,
  `Cota` varchar(20) NOT NULL,
  `n_registro` varchar(50) NOT NULL DEFAULT '',
  `edicion` int(11) DEFAULT NULL,
  `n_volumenes` int(11) NOT NULL,
  `titulo` varchar(180) NOT NULL,
  `autor` varchar(50) NOT NULL,
  `editorial` varchar(50) DEFAULT NULL,
  `año` int(11) DEFAULT NULL,
  `n_ejemplares` int(15) DEFAULT NULL,
  `estado_libro` enum('activo','eliminado') DEFAULT 'activo',
  `estado` enum('activo','eliminado') DEFAULT 'activo',
  PRIMARY KEY (`ID_Libro`),
  KEY `ID_Libro_LibroxSala` (`ID_Sala`),
  KEY `ID_Libro_LibroxCategoria` (`ID_Categoria`),
  KEY `ID_Libro_LibroxAsignatura` (`ID_Asignatura`) USING BTREE,
  KEY `ID_Libro_LibroxLibro_Prestamo` (`ID_Libro_Prestamo`),
  CONSTRAINT `ID_Libro_LibroxCategoria` FOREIGN KEY (`ID_Categoria`) REFERENCES `categoria` (`ID_Categoria`) ON DELETE NO ACTION ON UPDATE NO ACTION,
  CONSTRAINT `ID_Libro_LibroxLibro_Prestamo` FOREIGN KEY (`ID_Libro_Prestamo`) REFERENCES `libros_prestamo` (`ID_Libro_Prestamo`) ON DELETE CASCADE ON UPDATE CASCADE,
  CONSTRAINT `ID_Libro_LibroxSala` FOREIGN KEY (`ID_Sala`) REFERENCES `sala` (`ID_Sala`) ON DELETE NO ACTION ON UPDATE NO ACTION,
  CONSTRAINT `ID_libro_LibroxAsignatura` FOREIGN KEY (`ID_Asignatura`) REFERENCES `asignatura` (`ID_Asignatura`) ON DELETE NO ACTION ON UPDATE NO ACTION
) ENGINE=InnoDB AUTO_INCREMENT=656 DEFAULT CHARSET=utf8mb4 COLLATE=utf8mb4_spanish_ci COMMENT='Descripcion del Libro (s)';

INSERT INTO `libro` (`ID_Libro`, `ID_Sala`, `ID_Categoria`, `ID_Asignatura`, `ID_Libro_Prestamo`, `Cota`, `n_registro`, `edicion`, `n_volumenes`, `titulo`, `autor`, `editorial`, `año`, `n_ejemplares`, `estado_libro`, `estado`) VALUES
	(1, '1I', 'Infantil-X', 'Cuentos de Aventuras', NULL, 'DEL', '10.623', 1, 1, 'El calendario de Martita', 'Delahaye Gilbert', 'Editorial Juventud', 1963, 3, 'activo', 'activo'),
	(2, '1I', 'Infantil-X', 'Cuentos de Aventuras', NULL, 'DEL', '10.624', 1, 1, 'El calendario de Martita', 'Delahaye Gilbert', 'Editorial Juventud', 1963, 3, 'activo', 'activo'),
	(3, '1I', 'Infantil-X', 'Cuentos de Aventuras', NULL, 'DEL', '10.625', 1, 1, 'El calendario de Martita', 'Delahaye Gilbert', 'Editorial Juventud', 1963, 3, 'activo', 'activo'),
	(4, '1I', 'Infantil-X', 'Cuentos de Aventuras', NULL, 'ESP', '13.565', 1, 1, 'Caolho, el pirata', 'Rita Espeschit', 'Editorial El perro y la Rana', 2010, 2, 'activo', 'activo'),
	(5, '1I', 'Infantil-X', 'Cuentos de Aventuras', NULL, 'ESP', '13.566', 1, 1, 'Caolho, el pirata', 'Rita Espeschit', 'Editorial El perro y la Rana', 2010, 2, 'activo', 'activo'),
	(7, '1I', 'Infantil-X', 'Cuentos de Aventuras', NULL, 'GOM', '10.669', 1, 1, 'El cartero que se convirtió en carta', 'Alfredo Gómez Cerda', 'Editorial Luis Vives', 1987, 1, 'activo', 'activo'),
	(8, '1I', 'Infantil-X', 'Cuentos de Aventuras', NULL, 'HES', '10.674', 1, 1, 'Diabluras a medianoche', 'Amy Hest', 'Grupo Editorial Norma', 1992, 2, 'activo', 'activo'),
	(9, '1I', 'Infantil-X', 'Cuentos de Aventuras', NULL, 'JAN', '10.677', 3, 1, 'El Tio Poppoff', 'Janosch', 'Editorial Lumen', 1982, 3, 'activo', 'activo'),
	(10, '1I', 'Infantil-X', 'Cuentos de Aventuras', NULL, 'KOC', '10.681', 1, 1, 'Iván, Diván y Zarimán', 'Marta Koci', 'Editorial Kapelusz Colombiana S.A', 1984, 2, 'activo', 'activo'),
	(11, '1I', 'Infantil-X', 'Cuentos de Aventuras', NULL, 'LIO', '10.686', 1, 1, 'Nadarín', 'Leo Lionni', 'Editorial Lumen S.A', 1969, 1, 'activo', 'activo'),
	(12, '1I', 'Infantil-X', 'Cuentos de Aventuras', NULL, 'MAT', '10.133', 3, 1, 'Molinete', 'Pilar Mateos', 'Editorial S.M', 1986, 2, 'activo', 'activo'),
	(13, '1I', 'Infantil-X', 'Cuentos de Aventuras', NULL, 'MAT', '11.599', 14, 1, 'Molinete', 'Pilar Mateos', 'Editorial S.M', 1996, 2, 'activo', 'activo'),
	(14, '1I', 'Infantil-X', 'Cuentos de Aventuras', NULL, 'NOS', '10.151', 1, 1, 'Historias de Franz', 'Christine NÖstlinger', 'Editorial S.M', 1986, 3, 'activo', 'activo'),
	(15, '1I', 'Infantil-X', 'Cuentos de Aventuras', NULL, 'PRO', '10.737', 3, 1, 'La Carpa', 'Jan Prochazka', 'Ediciones Alfaguara S.A', 1983, 2, 'activo', 'activo'),
	(16, '1I', 'Infantil-X', 'Cuentos de Aventuras', NULL, 'PRO', '11.009', 3, 1, 'La Carpa', 'Jan Prochazka', 'Ediciones Alfaguara S.A', 1983, 2, 'activo', 'activo'),
	(17, '2E', 'Estadal-B', 'Bibliografia-Estadal', NULL, '0.158712C266', '8.067', 1, 1, 'Bibliografía y Hemerografía del Estado Tachira', 'Horacio Cárdenas', 'Litografía Melvin', 1992, 1, 'activo', 'activo'),
	(18, '2E', 'Estadal-B', 'Bibliografia-Estadal', NULL, '0.70912N963', '8.083', 1, 1, 'Los Pioneros: Genesis del Periodismo Tachirense', 'José Nucete', 'Formas Lem C.A', 1982, 1, 'activo', 'activo'),
	(19, '2E', 'Estadal-B', 'Bibliografia-Estadal', NULL, '001.4Q7', '8.068', 1, 1, 'Quintas jornadas tecnicas de investigación y extensión: Compendios', 'IUTAI', 'IUTAI', 1991, 1, 'activo', 'activo'),
	(20, '2E', 'Estadal-B', 'Bibliografia-Estadal', NULL, '001.4S456', '8.069', 1, 1, 'Segundas jornadas tecnicas de investigación y extensión: Compendio', 'IUTAI', 'IUTAI', 1985, 1, 'activo', 'activo'),
	(21, '2E', 'Estadal-B', 'Bibliografia-Estadal', NULL, '069.098712D948', '8.072', 4, 1, 'Museo del táchira: Guía didáctica', 'CONAC', 'CONAC', 1998, 2, 'activo', 'activo'),
	(22, '2E', 'Estadal-B', 'Bibliografia-Estadal', NULL, '069.1D948', '8.071', 3, 1, 'Museo del táchira: Guía didáctica', 'Museo del táchira: Guía didáctica', 'CONAC', 1994, 2, 'activo', 'activo'),
	(23, '2E', 'Estadal-B', 'Bibliografia-Estadal', NULL, '069D948', '8.070', 1, 1, 'Generalidades sobre Museos', 'CONAC', 'CONAC', 1990, 1, 'activo', 'activo'),
	(24, '2E', 'Estadal-B', 'Bibliografia-Estadal', NULL, '070.12C431', '8.074', 1, 1, 'Modelo de Comunicación para un proceso de reingenieria', 'John G. Chacón', 'ULA', 1995, 1, 'activo', 'activo'),
	(25, '2E', 'Estadal-B', 'Bibliografia-Estadal', NULL, '070.12H557', '8.075', 1, 1, 'Abajo el Telón', 'Luis A. Hernández', 'ULA', 1994, 1, 'activo', 'activo'),
	(27, '2E', 'Estadal-B', 'Bibliografia-Estadal', NULL, '070.442V856', '12.916', 1, 1, 'Crónicas de opinión y otros temas', 'Gonzalo V. Rámirez', 'Lito Formas', 2009, 2, 'activo', 'activo'),
	(28, '2E', 'Estadal-B', 'Bibliografia-Estadal', NULL, '070.442V856', '12.917', 1, 1, 'Crónicas de opinión y otros temas', 'Gonzalo V. Rámirez', 'Lito Formas', 2009, 2, 'activo', 'activo'),
	(29, '2E', 'Estadal-B', 'Bibliografia-Estadal', NULL, '070.4492I72', '8.081', 1, 1, 'La Minoria Protestante en el Táchira', 'Domingo Irwin G.', 'Biblioteca de Autores y Temas Tachirenses', 1997, 1, 'activo', 'activo'),
	(30, '2E', 'Estadal-B', 'Bibliografia-Estadal', NULL, '070.487125B715', '8.082', 1, 1, 'Periodismo Rubiense en el Estado Táchira desde 1876 hasta 1940', 'Bonilla M. Richard, Mantilla O. Oswal & et al', 'ULA', 1997, 1, 'activo', 'activo'),
	(31, '2E', 'Estadal-B', 'Bibliografia-Estadal', NULL, '070.4A173', '8.080', 1, 1, 'Tratamiento de la Imagen Periodística en el Diario El Nacional durante los Sucesos del 27-28 de Febrero de 1989', 'Lisanka Acero', 'ULA', 1996, 1, 'activo', 'activo'),
	(32, '2E', 'Estadal-B', 'Bibliografia-Estadal', NULL, '070D286', '8.073', 1, 1, 'Debemos partir…', 'SOCOPRET', 'Fondo Editorial Diculta', 1997, 1, 'activo', 'activo'),
	(33, '2E', 'Estadal-B', 'Bibliografia-Estadal', NULL, '079.8712E19', '8.084', 1, 1, 'El Eco del Torbes', 'Biblioteca de Autores y Temas Tachirenses', 'Editorial Futuro C.A', 1993, 1, 'activo', 'activo'),
	(34, '2E', 'Estadal-B', 'Bibliografia-Estadal', NULL, '086.1D542', '8.087', 1, 1, 'Aulogelicas', 'Joaquin D. Gonzalez', 'Imprenta Nacional', 1975, 1, 'activo', 'activo'),
	(35, '2E', 'Estadal-B', 'Bibliografia-Estadal', NULL, '086.1M244', '8.088', 1, 1, 'Obras Varias', 'Samuel D. Maldonado', 'Sin Editorial', 1961, 1, 'activo', 'activo'),
	(36, '2E', 'Estadal-B', 'Bibliografia-Estadal', NULL, '100G216', '8.089', 1, 1, 'La Inteligencia me persigue', 'Benjamin García F.', 'Tipografía Cortés', 1991, 1, 'activo', 'activo'),
	(37, '2E', 'Estadal-B', 'Bibliografia-Estadal', NULL, '110C311', '8090', 1, 1, 'Galactizaje Terrestre', 'Felipe C. Anula & at el', 'Ediciones Galaxia S.A', 0, 1, 'activo', 'activo'),
	(38, '2E', 'Estadal-B', 'Bibliografia-Estadal', NULL, '128.2S231', '8.091', 1, 1, 'De las Incompletitudes Mentales a las Completitudes Mentales', 'Ernesto Santander', 'Lito Formas ', 1997, 1, 'activo', 'activo'),
	(39, '3G', 'Filosofía y Psicología', 'Psicología-Diccionarios', NULL, '150.3D545', '0.363', 16, 2, 'Diccionario de Psicología', 'Fondo de Cultura Económica México', 'Lito Ediciones Olimpia S.A', 1984, 2, 'activo', 'activo'),
	(40, '3G', 'Filosofía y Psicología', 'Psicología-Diccionarios', NULL, '150.3D545', '0.364', 16, 2, 'Diccionario de Psicología', 'Fondo de Cultura Económica México', 'Lito Ediciones Olimpia S.A', 1984, 2, 'activo', 'activo'),
	(41, '3G', 'Filosofía y Psicología', 'Psicología-Diccionarios', NULL, '150.3E56', '13.360', 1, 4, 'Enciclopedia de la Psicología', 'Grupo Oceano', 'Editorial OCEANO', 0, 1, 'activo', 'activo'),
	(42, '3G', 'Filosofía y Psicología', 'Psicología-Diccionarios', NULL, '150.3E56', 'S.R', 1, 6, 'Enciclopedia de la Psicología Oceano', 'Grupo Oceano', 'Editorial OCEANO', 0, 1, 'activo', 'activo'),
	(43, '3G', 'Filosofía y Psicología', 'Psicología-Diccionarios', NULL, '150.3E56', '12.129', 1, 6, 'Enciclopedia de Psicología', 'R.S.S.F.R', 'Editorial Grijalbo S.A', 1969, 1, 'activo', 'activo'),
	(44, '3G', 'Filosofía y Psicología', 'Psicología-Diccionarios', NULL, '150.3E56', '0.511', 1, 2, 'Enciclopedia de Psicología', 'R.S.S.F.R', 'Editorial Grijalbo S.A', 1969, 1, 'activo', 'activo'),
	(45, '3G', 'Filosofía y Psicología', 'Psicología-Diccionarios', NULL, '150.3E56', '12.131', 1, 1, 'Enciclopedia de Psicología: Tomo 3', 'R.S.S.F.R', 'Editorial Grijalbo S.A', 1969, 3, 'activo', 'activo'),
	(46, '3G', 'Filosofía y Psicología', 'Psicología-Diccionarios', NULL, '150.3P974', '0.372', 1, 5, 'Psicología', 'Ediciones Algar S.A', 'Ediciones Algar S.A', 1987, 1, 'activo', 'activo'),
	(47, '3G', 'Filosofía y Psicología', 'Psicología', NULL, '150.1952F889', '0.480', 1, 1, 'Los Origenes del Psicoanálisis', 'Sigmund Freud', 'Alianza Editorial S.A', 0, 1, 'activo', 'activo'),
	(48, '3G', 'Filosofía y Psicología', 'Psicología', NULL, '150.1952F889', '0.479', 1, 1, 'Freud y el psicoanálisis', 'Salvat Editores S.A', 'Salvat Editores S.A', 1973, 1, 'activo', 'activo'),
	(49, '3G', 'Filosofía y Psicología', 'Psicología', NULL, '150.1952M449', '0.481', 1, 1, 'Freud', 'Roger Mauge', 'Brugueras S.A', 1974, 2, 'activo', 'activo'),
	(50, '3G', 'Filosofía y Psicología', 'Psicología', NULL, '150.1952M449', '0.482', 1, 1, 'Freud', 'Roger Mauge', 'Brugueras S.A', 1974, 2, 'activo', 'activo'),
	(51, '3G', 'Filosofía y Psicología', 'Psicología', NULL, '150.195B566', '0.475', 1, 1, 'Cara y Cruz del Psicoanálisis', 'Max Beucher', 'Brugera S.A', 1974, 2, 'activo', 'activo'),
	(52, '3G', 'Filosofía y Psicología', 'Psicología', NULL, '150.195B566', '0.476', 1, 1, 'Cara y Cruz del Psicoanálisis', 'Max Beucher', 'Brugera S.A', 1974, 2, 'activo', 'activo'),
	(53, '3G', 'Filosofía y Psicología', 'Psicología', NULL, '150.195V485', '0.477', 1, 1, 'La Peste: Fundamentos del Psicoanálisis', 'Armando Verdiglione', 'Monte Avila Editores S.A', 1984, 1, 'activo', 'activo'),
	(54, '3G', 'Filosofía y Psicología', 'Psicología', NULL, '150.19O59', '0.472 ', 1, 1, 'Los origenes de la psicología moderna', 'W.M. O´Neil', 'Monte Avila Editores S.A', 1975, 1, 'activo', 'activo'),
	(55, '3G', 'Filosofía y Psicología', 'Psicología', NULL, '150.202G943', '0.484', 1, 1, 'Guía de la Psicología y la Salud', 'Plata Oliveros & CIA. LTDA', 'Editora Velez Cabrera C.A', 1986, 2, 'activo', 'activo'),
	(56, '3G', 'Filosofía y Psicología', 'Psicología', NULL, '150.202G943', '0.484', 1, 1, 'Guía de la Psicología y la Salud', 'Plata Oliveros & CIA. LTDA', 'Editora Velez Cabrera C.A', 1986, 2, 'activo', 'activo'),
	(57, '3G', 'Filosofía y Psicología', 'Psicología', NULL, '150A659', '0.446', 1, 1, 'Psicología: 1 año. Texto 4°', 'Jesús Aragón D.', 'Ediciones Colegial Bolivariana C.A', 0, 1, 'activo', 'activo'),
	(58, '3G', 'Filosofía y Psicología', 'Psicología', NULL, '150A926', '0.447', 3, 1, 'Educación Fundamental', 'Samuel Aun Weor', 'Colección Iris', 1975, 1, 'activo', 'activo'),
	(59, '3G', 'Filosofía y Psicología', 'Psicología', NULL, '150W624', '0.472', 3, 1, 'Psicología', 'James O. Whittaker', 'Nueva Editorial Interamericana S.A', 1977, 1, 'activo', 'activo'),
	(60, '3G', 'Ciencias de la Computación, Información y Obras Generales', 'Periodismo', NULL, '070.01M356', '0.338', 1, 1, 'La Comunicación Impresa. Teoría y Práctica del Lenguaje Periodístico', 'Alexis Marquez Rodriguez', 'Sintesis Dosmil', 1976, 2, 'activo', 'activo'),
	(61, '3G', 'Ciencias de la Computación, Información y Obras Generales', 'Periodismo', NULL, '070.01M356', '0.339', 1, 1, 'La Comunicación Impresa. Teoría y Práctica del Lenguaje Periodístico', 'Alexis Marquez Rodriguez', 'Sintesis Dosmil', 1976, 2, 'activo', 'activo'),
	(62, '3G', 'Ciencias de la Computación, Información y Obras Generales', 'Periodismo', NULL, '070.19C961', '0.342', 1, 1, '40 años de Comunicación Social en Venezuela 1946-1986', 'Eleazar Díaz Rangel', 'Congreso de la República', 1988, 1, 'activo', 'activo'),
	(63, '3G', 'Ciencias de la Computación, Información y Obras Generales', 'Periodismo', NULL, '070.19L864', '12.768', 1, 1, 'Ciudadana Radio. El poder del periodismo de intermediación', 'José Ignacio López Vigil', 'Ministerio de Comunicación e Información', 2008, 1, 'activo', 'activo'),
	(64, '3G', 'Ciencias de la Computación, Información y Obras Generales', 'Periodismo', NULL, '070.1R696', '0.341', 1, 1, 'Necesidad de un Nuevo Periodismo Económico', 'Jose Egidio Rodriguez', 'Ediciones Centauro', 1979, 1, 'activo', 'activo'),
	(65, '3G', 'Ciencias de la Computación, Información y Obras Generales', 'Periodismo', NULL, '070.435V782', '13.258', 1, 1, 'Ancla. Una experiencia de comunicación clandestina orientada por Rodolfo Walsh', 'Natalia Vinelli', 'Editorial El perro y la rana', 2007, 2, 'activo', 'activo'),
	(66, '3G', 'Ciencias de la Computación, Información y Obras Generales', 'Periodismo', NULL, '070.435V782', '13.259', 1, 1, 'Ancla. Una experiencia de comunicación clandestina orientada por Rodolfo Walsh', 'Natalia Vinelli', 'Editorial El perro y la rana', 2007, 2, 'activo', 'activo'),
	(67, '3G', 'Ciencias de la Computación, Información y Obras Generales', 'Periodismo', NULL, '070.442M843', '0.345', 1, 1, 'Carlos Giménez. Tiempo y Espacio', 'Edgar Antonio Moreno Uribe', 'Vadell Hermanos Editores', 1993, 1, 'activo', 'activo'),
	(68, '3G', 'Ciencias de la Computación, Información y Obras Generales', 'Periodismo', NULL, '070.44933R696', '0.347', 1, 1, 'Periodismo  Económico para el desarrollo', 'José Egidio Rodríguez', 'G.S Dibujo y Reproducción', 1987, 1, 'activo', 'activo'),
	(69, '3G', 'Ciencias de la Computación, Información y Obras Generales', 'Periodismo', NULL, '070.449G216', '0.346', 1, 1, 'La Aventura de Miguel Littin Clandestino en Chile', 'Gabriel Garcia Marquez', 'Editorial Oveja Negra', 1986, 1, 'activo', 'activo'),
	(70, '3G', 'Ciencias de la Computación, Información y Obras Generales', 'Periodismo', NULL, '070.4Q8', '0.343', 1, 1, 'El Diagnóstico de lo imposible', 'Alberto Quiros Corradi', 'Editorial Ateneo', 1986, 1, 'activo', 'activo'),
	(71, '3G', 'Ciencias de la Computación, Información y Obras Generales', 'Periodismo', NULL, '070G216', '1515', 1, 1, 'Manual de Periodismo Escolar', 'Luis M. García. P y Xiomara Rojas V', 'Publicaciones Monfort C.A', 2000, 1, 'activo', 'activo'),
	(72, '3G', 'Ciencias de la Computación, Información y Obras Generales', 'Periodismo', NULL, '070V447', '0.337', 2, 1, 'En Periodismo son muchos los caminos', 'Pascual Venegas Filardo', 'Servicio Gráfico Editorial S.A', 1982, 1, 'activo', 'activo'),
	(73, '3G', 'Ciencias de la Computación, Información y Obras Generales', 'Metodología de la Investigación', NULL, '001.42A473', '12.401', 1, 1, 'Cómo hacer una tesis en bachillerato', 'Iván Carmelo Álvarez', 'Editorial CEC', 2005, 2, 'activo', 'activo'),
	(74, '3G', 'Ciencias de la Computación, Información y Obras Generales', 'Metodología de la Investigación', NULL, '001.42A696', '7.392', 3, 1, 'El Proyecto de Investigación. Guía para su elaboración', 'Fidias G. Arias', 'Episteme S.A', 1999, 1, 'activo', 'activo'),
	(75, '3G', 'Ciencias de la Computación, Información y Obras Generales', 'Metodología de la Investigación', NULL, '001.42A697', '7.393', 5, 1, 'El Proyecto de Investigación. Introducción a la Metodología Científica', 'Fidias G. Arias', 'Episteme S.A', 2006, 1, 'activo', 'activo'),
	(76, '3G', 'Ciencias de la Computación, Información y Obras Generales', 'Metodología de la Investigación', NULL, '001.42A854', '0.175', 1, 1, 'Metodología de la Investigación ', 'Armando Asti Vera', 'Kapelusz S.A', 1971, 1, 'activo', 'activo'),
	(77, '3G', 'Ciencias de la Computación, Información y Obras Generales', 'Metodología de la Investigación', NULL, '001.42B184', '13.999', 7, 1, 'Como se elabora el proyecto de investigación', 'Mirian Balestrini Acuña', 'BL Consultores Asociados Editoria', 2006, 1, 'activo', 'activo'),
	(78, '3G', 'Ciencias de la Computación, Información y Obras Generales', 'Metodología de la Investigación', NULL, '001.4C352', '12.479', 1, 1, 'Guía para la Formulación de Proyectos de Investigación', 'Mauricio Castillo Sanchez', 'Cooperativa Editorial Magisterio', 2004, 1, 'activo', 'activo'),
	(79, '3G', 'Ciencias de la Computación, Información y Obras Generales', 'Metodología de la Investigación', NULL, '001.4T153', '12.610', 4, 1, 'El Proceso de la Investigación Científica', 'Mario Tamayo y Tamayo', 'Limusa Noriega Editores', 2007, 2, 'activo', 'activo'),
	(80, '3G', 'Ciencias de la Computación, Información y Obras Generales', 'Metodología de la Investigación', NULL, '001.4T153', '13.726', 4, 1, 'El Proceso de la Investigación Científica', 'Mario Tamayo y Tamayo', 'Limusa Noriega Editores', 2007, 2, 'activo', 'activo'),
	(81, '3G', 'Ciencias de la Computación, Información y Obras Generales', 'Metodología de la Investigación', NULL, '001.4U26', '13.746', 1, 1, 'La Articulación método, metodología y epistemología', 'Gabriel Ugas Fermín', 'Lito-Formas', 2011, 1, 'activo', 'activo'),
	(82, '3G', 'Ciencias de la Computación, Información y Obras Generales', 'Metodología de la Investigación', NULL, '001G166', '5.389', 1, 1, 'Discurso Constructivista sobre las Ciencias Experimentales. Una Concepción actual del conocimiento científico', 'Rómulo Gallego Badillo', 'Cooperativa Editorial Magisterio', 1996, 1, 'activo', 'activo'),
	(83, '3G', 'Ciencias de la Computación, Información y Obras Generales', 'Metodología de la Investigación', NULL, '001M183', '0.174', 1, 1, 'Mapas para la Fiesta', 'Otto Maduro', 'Guarura Ediciones', 1997, 1, 'activo', 'activo'),
	(84, '3G', 'Ciencias de la Computación, Información y Obras Generales', 'Informática', NULL, '00.151N962', 'S.R', 9, 1, 'Introducción a la Ciencia', 'J.R. Nuñez Tenorio', 'Vadel Hermanos Editores', 1979, 1, 'activo', 'activo'),
	(85, '3G', 'Ciencias de la Computación, Información y Obras Generales', 'Informática', NULL, '001.43I62', '0.190', 1, 2, 'La investigación, un desafio a nuestra juventud', 'Monte Avila S.A', 'Monte Avila Editores S.A', 1973, 2, 'activo', 'activo'),
	(86, '3G', 'Ciencias de la Computación, Información y Obras Generales', 'Informática', NULL, '001.43I62', '0.191', 1, 2, 'La investigación, un desafio a nuestra juventud', 'Monte Avila S.A', 'Monte Avila Editores S.A', 1973, 2, 'activo', 'activo'),
	(87, '3G', 'Ciencias de la Computación, Información y Obras Generales', 'Informática', NULL, '001.5101B928', '12.117', 1, 1, 'Filosofía de la Comunicación', 'Fernando Buen Abad Domínguez', 'Publicaciones Monfort C.A', 2006, 1, 'activo', 'activo'),
	(88, '3G', 'Ciencias de la Computación, Información y Obras Generales', 'Informática', NULL, '001.5109H715', '0.194', 1, 1, 'El Maravilloso mundo de la comunicación', 'Lancelot Hogben', 'Novograph S.A', 1972, 1, 'activo', 'activo'),
	(89, '3G', 'Ciencias de la Computación, Información y Obras Generales', 'Informática', NULL, '001.51B515', '0.192', 10, 1, 'El proceso de la comunicación: Introducción a la teoría y a la práctica', 'David K. Berlo', 'Editorial El Ateneo', 1979, 1, 'activo', 'activo'),
	(90, '3G', 'Ciencias de la Computación, Información y Obras Generales', 'Informática', NULL, '001.51C569', '0.193', 2, 1, 'La ciencia de la comunicación humana', 'Wilbur Schramm', 'Editorial Roble', 1972, 1, 'activo', 'activo'),
	(91, '3G', 'Ciencias de la Computación, Información y Obras Generales', 'Informática', NULL, '001.535R498', '0.198', 2, 1, 'Inteligencia Artificial', 'Elaine Rich y Kevin Knight', 'McGraw-Hill S.A', 1994, 1, 'activo', 'activo'),
	(92, '3G', 'Ciencias de la Computación, Información y Obras Generales', 'Informática', NULL, '001.539F981', '0.199', 2, 1, 'Fundamentos de Información y Documentación', 'José López Yepez', 'Eudema S.A', 1990, 1, 'activo', 'activo'),
	(93, '3G', 'Ciencias de la Computación, Información y Obras Generales', 'Informática', NULL, '001.53B415', '0.195', 5, 1, 'Cibernética y Administración', 'Stafford Beer', 'Compañía Editorial Continental S.A', 1974, 1, 'activo', 'activo'),
	(94, '3G', 'Ciencias de la Computación, Información y Obras Generales', 'Informática', NULL, '001.53I61', '0.196', 1, 1, 'Introducción e Historia de la Cibernética', 'A. V Jramoi & et all', 'Editorial Nauka ', 1968, 2, 'activo', 'activo'),
	(95, '3G', 'Ciencias de la Computación, Información y Obras Generales', 'Informática', NULL, '001.53I61', '0.197', 1, 1, 'Introducción e Historia de la Cibernética', 'A. V Jramoi & et all', 'Editorial Nauka ', 1968, 2, 'activo', 'activo'),
	(96, '3G', 'Filosofía y Psicología', 'Filosofía-Diccionarios', NULL, '103F379', '0.356', 5, 6, 'Diccionario de Filosofía: Original', 'Jose Ferrater Mora', 'Alianza Editorial S.A', 1986, 1, 'activo', 'activo'),
	(97, '3G', 'Filosofía y Psicología', 'Filosofía-Diccionarios', NULL, '103F379', '0.378', 5, 2, 'Diccionario de Filosofía: Copia', 'Jose Ferrater Mora', 'Alianza Editorial S.A', 1986, 1, 'activo', 'activo'),
	(98, '3G', 'Filosofía y Psicología', 'Filosofía-Diccionarios', NULL, '103F379', '13.061', 1, 4, 'Diccionario de Filosofía: Nueva Edición Actualizada', 'Jose Ferrater Mora', 'Editorial Ariel S.A', 2001, 1, 'activo', 'activo'),
	(99, '3G', 'Filosofía y Psicología', 'Filosofía-Diccionarios', NULL, '103F379', '0.362', 3, 1, 'Diccionario de Filosofía: Abreviado', 'Jose Ferrater Mora', 'Editorial Sudamericana', 1973, 1, 'activo', 'activo'),
	(100, '3G', 'Filosofía y Psicología', 'Filosofía-Diccionarios', NULL, '109H673', '11.858', 2, 7, 'Historia de la Filosofía', 'M.A. DYNNIK', 'Editorial Grijalbo S.A', 1965, 1, 'activo', 'activo'),
	(101, '3G', 'Filosofía y Psicología', 'Filosofía', NULL, '100.1K92', '2.474', 1, 1, 'La Llama de la atención', 'Krishnamurti', 'Erreoar S.A', 1996, 1, 'activo', 'activo'),
	(102, '3G', 'Filosofía y Psicología', 'Filosofía', NULL, '100A122', '0.377', 3, 1, 'Introducción al Existencialismo', 'Nicola Abbagnano', 'Fondo de Cultura Económica', 1975, 1, 'activo', 'activo'),
	(103, '3G', 'Filosofía y Psicología', 'Filosofía', NULL, '100F488', '0.381', 1, 1, 'La Filosofía, hoy', 'Salvat Editores S.A', 'Salvat Editores S.A', 1973, 2, 'activo', 'activo'),
	(104, '3G', 'Filosofía y Psicología', 'Filosofía', NULL, '100F488', '12.218', 1, 1, 'La Filosofía, hoy', 'Salvat Editores S.A', 'Salvat Editores S.A', 1973, 2, 'activo', 'activo'),
	(105, '3G', 'Filosofía y Psicología', 'Filosofía', NULL, '100G756', '0.380', 1, 1, 'Ethologia y Existencia', 'Manuel Granell', 'Editorial Equinoccio', 1977, 1, 'activo', 'activo'),
	(106, '3G', 'Filosofía y Psicología', 'Filosofía', NULL, '100T645', '0.382', 1, 1, '7 vertientes para el discurrir filosófico', 'Alejandro F. Togores', 'Ministerio de Educación', 1971, 1, 'activo', 'activo'),
	(107, '3G', 'Filosofía y Psicología', 'Filosofía', NULL, '101B821', '0.384', 1, 1, 'Iniciación en el Filosofar', 'Juan C. Brandt ', 'Papelería Los Teques', 1976, 1, 'activo', 'activo'),
	(108, '3G', 'Filosofía y Psicología', 'Filosofía', NULL, '101B959', '0.386', 1, 3, 'Filosofía: Una Introducción', 'Ignacio Burk', 'Insula', 1975, 1, 'activo', 'activo'),
	(109, '3G', 'Filosofía y Psicología', 'Filosofía', NULL, '101C112', '12.546', 1, 1, 'Introducciones a la Filosofía', 'Samuel Cabanchik', 'Gedisa Editorial', 2005, 1, 'activo', 'activo'),
	(110, '3G', 'Filosofía y Psicología', 'Filosofía', NULL, '101G216', '0.410', 18, 1, 'Lecciones preliminares de Filosofía', 'Manuel Garcia Morente', 'Editorial Losada S.A', 1975, 1, 'activo', 'activo'),
	(111, '3G', 'Filosofía y Psicología', 'Filosofía', NULL, '101G216', '0.389', 1, 1, 'Curso Sistemático de Filosofía Actual ', 'Juan David Garcia', 'Imprenta Universitaria', 1969, 1, 'activo', 'activo'),
	(112, '3G', 'Ciencias de la Computación, Información y Obras Generales', 'Enciclopedias y Diccionarios', NULL, '036.1D454', '0.097', 4, 2, 'Diccionario Enciclopédico Hispano-Americano: H-Z', 'W.M Jackson Inc.', 'Ferris Printing Company', 1939, 1, 'activo', 'activo'),
	(113, '3G', 'Ciencias de la Computación, Información y Obras Generales', 'Enciclopedias y Diccionarios', NULL, '036.1D545', '0.095', 4, 2, 'Diccionario Enciclopédico Hispano-Americano: A-G', 'W.M Jackson Inc.', 'Ferris Printing Company', 1939, 1, 'activo', 'activo'),
	(114, '3G', 'Ciencias de la Computación, Información y Obras Generales', 'Enciclopedias y Diccionarios', NULL, '036.1D545', '0.096', 4, 23, 'Diccionario Enciclopédico Hispano-Americano: Tomo I', 'W.M Jackson Inc.', 'Editorial Richards S.A', 1939, 1, 'activo', 'activo'),
	(115, '3G', 'Ciencias de la Computación, Información y Obras Generales', 'Enciclopedias y Diccionarios', NULL, '036.1U58', '0.165', 4, 6, 'El Universo de los Jovenes: ¿Por qué?', 'Ediciones Grijalbo S.A', 'Artes Gráficas Toledo S.A', 1986, 6, 'activo', 'activo'),
	(116, '3G', 'Ciencias de la Computación, Información y Obras Generales', 'Enciclopedias y Diccionarios', NULL, '069.861025L864', '0.171', 2, 1, 'Directorio de Museos de Colombia', 'Fernando López Barbosa', 'Lito Camargo', 1995, 1, 'activo', 'activo'),
	(117, '3G', 'Ciencias de la Computación, Información y Obras Generales', 'Enciclopedias y Diccionarios', NULL, '070.03L864', '0.172', 4, 1, 'Diccionario del Periodismo', 'Antonio López de Zuazo Algar', 'Ediciones Pirámide S.A', 1985, 1, 'activo', 'activo'),
	(118, '3G', 'Ciencias de la Computación, Información y Obras Generales', 'Enciclopedias y Diccionarios', NULL, '070.3M385', '0.173', 2, 1, 'Diccionario de Información, Comunicación y Periodismo', 'José Martínez de Sousa', 'Editorial Paraninfo S.A', 1992, 1, 'activo', 'activo'),
	(119, '3G', 'Ciencias de la Computación, Información y Obras Generales', 'Enciclopedias y Diccionarios', NULL, '036.1N694', '0.150', 13, 14, 'La Nueva Enciclopedia Temática: Tomo 1', 'Editorial Richards S.A', 'Editorial Richards S.A', 1970, 1, 'activo', 'activo'),
	(120, '3G', 'Ciencias de la Computación, Información y Obras Generales', 'Enciclopedias', NULL, '001.5103K19', '0.001', 1, 1, 'Diccionario Básico de Comunicación', 'Chaim S. Katz, Francisco A. Doria & et al', 'Nueva Imagen S.A', 1980, 2, 'activo', 'activo'),
	(121, '3G', 'Ciencias de la Computación, Información y Obras Generales', 'Enciclopedias', NULL, '004.03L864', '12.329', 1, 1, 'Diccionario Básico de Computación', 'J.D. Lopez', 'Panapo', 1990, 2, 'activo', 'activo'),
	(122, '3G', 'Ciencias de la Computación, Información y Obras Generales', 'Enciclopedias', NULL, '004E56', '11.823', 1, 6, 'Enciclopedia de Informática y Computación: Ofimática', 'Cultural S.A', 'G.F Printing', 1998, 1, 'activo', 'activo'),
	(123, '3G', 'Ciencias de la Computación, Información y Obras Generales', 'Enciclopedias', NULL, '013.987B581', '2.578', 1, 1, 'Bibliografía sobre las lenguas indígenas de Venezuela', 'Rafael Angel Rivas, Hugo Obregón & et al', 'Miguel Angel García e Hijo Impresores', 1982, 1, 'activo', 'activo'),
	(124, '3G', 'Ciencias de la Computación, Información y Obras Generales', 'Enciclopedias', NULL, '013B388', '0.713', 2, 1, 'Contribución a la bibliografía de Rómulo Betancourt', 'IABNSB', 'Educuibes Centauro', 1981, 1, 'activo', 'activo'),
	(125, '3G', 'Ciencias de la Computación, Información y Obras Generales', 'Enciclopedias', NULL, '020.3B944', '0.027', 2, 1, 'Diccionario de Bibliotecología', 'Domingo Buonocore', 'Ediciones Mrymar', 1976, 1, 'activo', 'activo'),
	(126, '3G', 'Ciencias de la Computación, Información y Obras Generales', 'Enciclopedias', NULL, '020.3V286', '0.028', 1, 1, 'Informática. Glosario de términos y siglas', 'Libros McGraw-Hill', 'Ediciones La Colina', 1985, 1, 'activo', 'activo'),
	(127, '3G', 'Ciencias de la Computación, Información y Obras Generales', 'Enciclopedias', NULL, '030E38', '0.029', 1, 1, 'Elementa', 'Jaimes Libros S.A', 'Valle de México', 1979, 2, 'activo', 'activo'),
	(128, '3G', 'Ciencias de la Computación, Información y Obras Generales', 'Enciclopedias', NULL, '030E38-D', '0.299', 1, 1, 'Elementa ', 'Jaimes Libros S.A', 'Valle de México', 1979, 2, 'activo', 'activo'),
	(129, '3G', 'Ciencias de la Computación, Información y Obras Generales', 'Enciclopedias', NULL, '030E56', '0.030', 5, 6, 'Enciclopedia Metódica: Larousse en seis volúmenes', 'Ediciones Larousse S.A', 'Francaises Inc.', 1978, 1, 'activo', 'activo'),
	(130, '3G', 'Ciencias de la Computación, Información y Obras Generales', 'Enciclopedias', NULL, '036.1D545', '0.119', 9, 12, 'Diccionario Enciclopédico Espasa. Tomo 1', 'Editorial Espasa-Calpe S.A', ' Espasa-Calpe S.A', 1985, 1, 'activo', 'activo'),
	(131, '3G', 'Ciencias de la Computación, Información y Obras Generales', 'Computación', NULL, '001.642A265', '0.257', 1, 1, 'Programación Basic Aplicada', 'Roy Ageloff y Richard Mojena', 'McGraw-Hill S.A', 0, 1, 'activo', 'activo'),
	(132, '3G', 'Ciencias de la Computación, Información y Obras Generales', 'Computación', NULL, '001.64M827', '0.229', 3, 1, 'Introducción a la Informática', 'José Luis Mora y Enzo Molino', 'Editorial Trillas S.A', 1976, 1, 'activo', 'activo'),
	(133, '3G', 'Ciencias de la Computación, Información y Obras Generales', 'Computación', NULL, '001.64M965', '0.231', 1, 2, 'El mundo de la computación', 'Ediciones Oceano', 'Credograf S.A', 1987, 2, 'activo', 'activo'),
	(134, '3G', 'Ciencias de la Computación, Información y Obras Generales', 'Computación', NULL, '001.64M965', '0.229', 1, 2, 'El mundo de la computación', 'Ediciones Oceano', 'Credograf S.A', 1987, 2, 'activo', 'activo'),
	(135, '3G', 'Ciencias de la Computación, Información y Obras Generales', 'Computación', NULL, '001.64M981', '0.234', 1, 1, 'Microsoft C/C++ 7: Manual de Referencia', 'William H. Murray y Chris H. Pappas', 'McGraw-Hill S.A', 1994, 1, 'activo', 'activo'),
	(136, '3G', 'Ciencias de la Computación, Información y Obras Generales', 'Computación', NULL, '001.64M981', '0.235', 1, 1, 'Microsoft C/C++ 7: Funciones y Aplicaciones', 'Microsoft Corporation', 'McGraw-Hill S.A', 1994, 1, 'activo', 'activo'),
	(137, '3G', 'Ciencias de la Computación, Información y Obras Generales', 'Computación', NULL, '001.64N429', '0.236', 1, 1, 'Todo lo que quiso saber sobre 1-2-3 para Windows y no se atrevió a preguntar', 'Kay Yarborough Nelson', 'McGraw-Hill S.A', 1995, 1, 'activo', 'activo'),
	(138, '3G', 'Ciencias de la Computación, Información y Obras Generales', 'Computación', NULL, '001.64N882', '0.238', 1, 1, 'Introducción a la Computación', 'Peter Norton', 'McGraw-Hill S.A', 1995, 2, 'activo', 'activo'),
	(139, '3G', 'Ciencias de la Computación, Información y Obras Generales', 'Computación', NULL, '001.64N882', '0.239', 1, 1, 'Introducción a la Computación', 'Peter Norton', 'McGraw-Hill S.A', 1995, 2, 'activo', 'activo'),
	(140, '3G', 'Ciencias de la Computación, Información y Obras Generales', 'Computación', NULL, '001.64O13', '0.240', 1, 1, 'Microsoft Access 97 Desarrollo de soluciones', 'Thimothy M. O´Brien, Steven J. Pogge & et al', 'McGraw-Hill S.A', 0, 1, 'activo', 'activo'),
	(141, '3G', 'Ciencias de la Computación, Información y Obras Generales', 'Computación', NULL, '001.64O64', '0.241', 1, 1, 'Los Ordenadores', 'Salvat Editores S.A', 'Salvat Editores S.A', 1974, 2, 'activo', 'activo'),
	(142, '3G', 'Ciencias de la Computación, Información y Obras Generales', 'Computación', NULL, '001.64O64', '0.242', 1, 1, 'Los Ordenadores', 'Salvat Editores S.A', 'Salvat Editores S.A', 1974, 2, 'activo', 'activo'),
	(143, '3G', 'Ciencias de la Computación, Información y Obras Generales', 'Computación', NULL, '001.64P438', '0.243', 1, 1, 'Microsoft Office 97. Excel 97', 'Manuel Pérez Cota, Amparo y Maria Rodríguez Damián', 'McGraw-Hill S.A', 0, 2, 'activo', 'activo'),
	(144, '3G', 'Ciencias de la Computación, Información y Obras Generales', 'Computación', NULL, '001.64P438', '0.244', 1, 1, 'Microsoft Office 97. Excel 97', 'Manuel Pérez Cota, Amparo y Maria Rodríguez Damián', 'McGraw-Hill S.A', 0, 2, 'activo', 'activo'),
	(145, '3G', 'Ciencias de la Computación, Información y Obras Generales', 'Computación', NULL, '001.64P887', '0.245', 1, 1, 'El camino fácil a PowerPoint 2000 Enter Plus', 'McGraw-Hill S.A', 'McGraw-Hill S.A', 0, 1, 'activo', 'activo'),
	(146, '3G', 'Ciencias de la Computación, Información y Obras Generales', 'Almanaques Mundiales', NULL, '036.1A445', '0.088', 1, 1, 'Almanaque Mundial: 1992', 'Editorial América S.A', 'América S.A', 1991, 1, 'activo', 'activo'),
	(147, '3G', 'Ciencias de la Computación, Información y Obras Generales', 'Almanaques Mundiales', NULL, '036.1A445', '0.089', 1, 1, 'Almanaque Mundial: 1994', 'Editorial América S.A', 'América S.A', 1993, 1, 'activo', 'activo'),
	(148, '3G', 'Ciencias de la Computación, Información y Obras Generales', 'Almanaques Mundiales', NULL, '036.1A445-D2', '0.091', 1, 1, 'Almanaque Mundial: 1995', 'Editorial América S.A', 'América S.A', 1994, 2, 'activo', 'activo'),
	(149, '1I', 'Infantil-X', 'Poesías y Canciones Venezolanas', NULL, 'ALC', '13.906', 1, 1, 'Mundo Mágico', 'Carmen Alcalde', 'Editorial Lito Lila', 2001, 1, 'activo', 'activo'),
	(150, '3G', 'Tecnología y Ciencias Aplicadas', 'Mercadotecnia', NULL, '658.8G751', '4.687', 1, 1, 'Direccion de maketing Fundamentos y software de aplicaciones', 'Ildefonso Grande', 'McGraw-hill', 1992, 1, 'activo', 'activo'),
	(151, '3G', 'Tecnología y Ciencias Aplicadas', 'Mercadotecnia', NULL, '658.8K87', '13.819', 11, 1, 'Marketing Versión para Latinoamerica', 'Philip Kotler y Gary Armstrong', 'Pearson Educación', 2007, 1, 'activo', 'activo'),
	(152, '3G', 'Tecnología y Ciencias Aplicadas', 'Mercadotecnia', NULL, '658.8J33', '4.688', 1, 1, 'Investigación integral de Mercados: un enfoque operativo', 'Jose Nicolas Janny C.', 'McGraw-hill', 1994, 1, 'activo', 'activo'),
	(153, '3G', 'Tecnología y Ciencias Aplicadas', 'Mercadotecnia', NULL, '659.1125P977', '12.640', 1, 1, 'Publicidad:Agencias de Publicidad:Aspectos Creativos', 'Jorge I. Plans Alvares', 'F&G Editores', 0, 1, 'activo', 'activo'),
	(154, '3G', 'Artes y recreación', 'Historia del Arte', NULL, 'T8707E18', 'S.R', 1, 1, 'Educación artística 2do año', 'Pablo echamendi', 'Natura', 1981, 1, 'activo', 'activo'),
	(155, '3G', 'Artes y recreación', 'Historia del Arte', NULL, 'T1701E18', '4.814', 1, 1, 'Educación artística 1er Año', 'Pablo echamendi', 'Natura', 0, 1, 'activo', 'activo'),
	(156, '1I', 'Infantil-X', 'Poesías y Canciones Venezolanas', NULL, 'ALC', '13.906', 1, 1, 'Mundo Mágico', 'Carmen Alcalde', 'Lito Lila', 2001, 1, 'activo', 'activo'),
	(157, '1I', 'Infantil-X', 'Poesías y Canciones Venezolanas', NULL, 'BAR', '10.259', 3, 1, 'Cosecha de versos y refranes', 'CONAFE', 'CONAFE', 1992, 1, 'activo', 'activo'),
	(158, '1I', 'Infantil-X', 'Poesías y Canciones Venezolanas', NULL, 'BRU', '11.395', 1960, 1, 'Aleluya para los más chiquitos', 'Marta Brunet', 'Universitaria S.A', 1960, 1, 'activo', 'activo'),
	(159, '1I', 'Infantil-X', 'Poesías y Canciones Venezolanas', NULL, 'COS', '11.391', 1, 1, 'Mínima Animalia', 'Efraín Bartolomé', 'CIDCLI S.C', 1991, 2, 'activo', 'activo'),
	(160, '1I', 'Infantil-X', 'Poesías y Canciones Venezolanas', NULL, 'DAR', '11.397', 4, 1, 'A Margarita', 'Rubén Darío', 'Andres Bello', 1991, 1, 'activo', 'activo'),
	(161, '1I', 'Infantil-X', 'Poesías y Canciones Venezolanas', NULL, 'GOL', '11.402', 1, 1, 'Una Señora con Sombrero', 'Jacqueline Goldberg', 'Monte Avila C.A', 1993, 1, 'activo', 'activo'),
	(162, '1I', 'Infantil-X', 'Poesías y Canciones Venezolanas', NULL, 'COS', '11.392', 1, 1, 'Mínima Animalia', 'Efraín Bartolomé', 'CIDCLI S.C', 1991, 1, 'activo', 'activo'),
	(163, '1I', 'Infantil-X', 'Poesías y Canciones Venezolanas', NULL, 'MUS', '13.680', 1, 1, 'Museo de la Fantasía: Mágico Comienzo', 'Ana Merces', 'Alpha C.A', 2001, 1, 'activo', 'activo'),
	(164, '1I', 'Infantil-X', 'Poesías y Canciones Venezolanas', NULL, 'NEV', '11.404', 1, 1, 'A Jugar Guglar', 'Luis Carlos Neves', 'IMPREGRAFICA S.R.L', 1992, 3, 'activo', 'activo'),
	(165, '1I', 'Infantil-X', 'Poesías y Canciones Venezolanas', NULL, 'NEV', '11.405', 1, 1, 'A Jugar Guglar', 'Luis Carlos Neves', 'IMPREGRAFICA S.R.L', 1992, 3, 'activo', 'activo'),
	(166, '1I', 'Infantil-X', 'Poesías y Canciones Venezolanas', NULL, 'NEV', '11.406', 1, 1, 'A Jugar Guglar', 'Luis Carlos Neves', 'IMPREGRAFICA S.R.L', 1992, 3, 'activo', 'activo'),
	(167, '1I', 'Infantil-X', 'Poesías y Canciones Venezolanas', NULL, 'OBI', '13.514', 1, 1, 'De Papel', 'Cristian Obín', 'El Perro y la Rana', 2011, 2, 'activo', 'activo'),
	(168, '1I', 'Infantil-X', 'Poesías y Canciones Venezolanas', NULL, 'OBI', '13.515', 1, 1, 'De Papel', 'Cristian Obín', 'El Perro y la Rana', 2011, 2, 'activo', 'activo'),
	(169, '1I', 'Infantil-X', 'Poesías y Canciones Venezolanas', NULL, 'PAZ', '11.411', 1, 1, 'La Rama', 'Octavio Paz', 'Editorial y Litografía Regina de los Ángeles', 1991, 2, 'activo', 'activo'),
	(170, '1I', 'Infantil-X', 'Poesías y Canciones Venezolanas', NULL, 'PAZ', '11.412', 1, 1, 'La Rama', 'Octavio Paz', 'Editorial y Litografía Regina de los Ángeles', 1991, 2, 'activo', 'activo'),
	(171, '1I', 'Infantil-X', 'Poesías y Canciones Venezolanas', NULL, 'ROD', '13.890', 2, 1, 'El Libro de Camille', 'Rodolfo Rodriguez', 'El Perro y la Rana', 2012, 1, 'activo', 'activo'),
	(172, '1I', 'Infantil-X', 'Poesías y Canciones Venezolanas', NULL, 'SAB', '11.417', 1, 1, 'La Luna ', 'Jaime Sabines', 'Litográfica Delta S.A', 1990, 2, 'activo', 'activo'),
	(173, '1I', 'Infantil-X', 'Poesías y Canciones Venezolanas', NULL, 'SAB', '11.418', 1, 1, 'La Luna ', 'Jaime Sabines', 'Litográfica Delta S.A', 1990, 2, 'activo', 'activo'),
	(174, '1I', 'Infantil-X', 'Cuentos Realistas', NULL, 'ANN', '11.097', 1, 1, 'Diez niños se cambian de casa', 'Mitsumasa Anno', 'Juventud Barcelona}', 1991, 1, 'activo', 'activo'),
	(175, '1I', 'Infantil-X', 'Cuentos Realistas', NULL, 'BAU', '11.101', 2, 1, 'Joachim', 'Kurt Baumann y David McKee', 'Lumen S.A', 1981, 3, 'activo', 'activo'),
	(176, '1I', 'Infantil-X', 'Cuentos Realistas', NULL, 'BUC', '11.111', 1, 1, 'Un dia feliz', 'Pearl Buck', 'Juventud S.A', 1972, 2, 'activo', 'activo'),
	(177, '1I', 'Infantil-X', 'Cuentos Realistas', NULL, 'BUC', '11.112', 1, 1, 'Un dia feliz', 'Pearl Buck', 'Juventud S.A', 1972, 2, 'activo', 'activo'),
	(178, '1I', 'Infantil-X', 'Cuentos Realistas', NULL, 'BAU', '11.102', 2, 1, 'Joachim', 'Kurt Baumann y David McKee', 'Lumen S.A', 1981, 2, 'activo', 'activo'),
	(179, '1I', 'Infantil-X', 'Cuentos Realistas', NULL, 'BAU', '11.103', 2, 1, 'Joachim', 'Kurt Baumann y David McKee', 'Lumen S.A', 1981, 2, 'activo', 'activo'),
	(180, '1I', 'Infantil-X', 'Cuentos Realistas', NULL, 'BLA', '11.212', 2, 1, 'Cuentos españoles', 'Carmen Blanch', 'AFHA Internacional S.A', 1971, 2, 'activo', 'activo'),
	(181, '1I', 'Infantil-X', 'Cuentos Realistas', NULL, 'BLA', '11.225', 2, 1, 'Cuentos españoles', 'Carmen Blanch', 'AFHA Internacional S.A', 1971, 2, 'activo', 'activo'),
	(182, '1I', 'Infantil-X', 'Cuentos Realistas', NULL, 'COO', '11.118', 1, 1, 'La Señorita Emilia', 'Bárbara Cooney', 'Ekaré', 1992, 2, 'activo', 'activo'),
	(183, '1I', 'Infantil-X', 'Cuentos Realistas', NULL, 'COO', '11.119', 1, 1, 'La Señorita Emilia', 'Bárbara Cooney', 'Ekaré', 1992, 2, 'activo', 'activo'),
	(184, '1I', 'Infantil-X', 'Cuentos Realistas', NULL, 'CUL', '11.126', 1, 1, 'Eva en casa de la tia', 'Rita Culla', 'Juventud Barcelona (españa)', 0, 4, 'activo', 'activo'),
	(185, '1I', 'Infantil-X', 'Cuentos Realistas', NULL, 'DOU', '11.131', 1, 1, 'Aserrín, aserrán', 'Beatriz Doumerc y Ayax Barnes', 'Nordan-Box', 1984, 3, 'activo', 'activo'),
	(186, '1I', 'Infantil-X', 'Cuentos Realistas', NULL, 'DIE', '11.130', 2, 1, 'Papá y Mamá se hicieron tilín', 'Germán Díez y Carmen García', 'Luis Vives', 1994, 1, 'activo', 'activo'),
	(187, '1I', 'Infantil-X', 'Cuentos Realistas', NULL, 'EMB', '11.134', 1, 1, 'El Embarcaderi Langjua', 'NO POSEE', 'Pekin', 0, 2, 'activo', 'activo'),
	(188, '1I', 'Infantil-X', 'Cuentos Realistas', NULL, 'EMB', '11.135', 1, 1, 'El Embarcaderi Langjua', 'NO POSEE', 'Pekin', 0, 2, 'activo', 'activo'),
	(189, '1I', 'Infantil-X', 'Cuentos Realistas', NULL, 'FOX', '11.136', 1, 1, 'Guillermo Jorge Manuel José', 'Mem Fox', 'Ekaré', 0, 1, 'activo', 'activo'),
	(190, '1I', 'Infantil-X', 'Cuentos de Hadas y Fantasía', NULL, 'BAG', '10.780', 1, 1, 'El Castillo en la colina', 'Enrique Bague', 'Teide S.A', 1969, 2, 'activo', 'activo'),
	(191, '1I', 'Infantil-X', 'Cuentos de Hadas y Fantasía', NULL, 'BAG', '10.781', 1, 1, 'El Castillo en la colina', 'Enrique Bague', 'Teide S.A', 1969, 2, 'activo', 'activo'),
	(192, '1I', 'Infantil-X', 'Cuentos de Hadas y Fantasía', NULL, 'CAP', '10.810', 1, 1, 'Caperucita Roja', 'Suseta Ediciones S.A', 'Susaeta Ediciones S.A', 1981, 1, 'activo', 'activo'),
	(193, '1I', 'Infantil-X', 'Cuentos de Hadas y Fantasía', NULL, 'DAH', '10.850', 2, 1, 'El Vicario que hablaba al réves', 'Roald Dahl', 'Ediciones S.M', 1994, 3, 'activo', 'activo'),
	(194, '1I', 'Infantil-X', 'Cuentos de Hadas y Fantasía', NULL, 'DAH', '10.851', 2, 1, 'El Vicario que hablaba al réves', 'Roald Dahl', 'Ediciones S.M', 1994, 3, 'activo', 'activo'),
	(195, '1I', 'Infantil-X', 'Cuentos de Hadas y Fantasía', NULL, 'DAH', '10.852', 2, 1, 'El Vicario que hablaba al réves', 'Roald Dahl', 'Ediciones S.M', 1994, 3, 'activo', 'activo'),
	(196, '1I', 'Infantil-X', 'Cuentos de Hadas y Fantasía', NULL, 'EST', '10.868', 2, 1, 'El Rey Solito', 'Rafael Estrada', 'Ediciones S.M', 1995, 3, 'activo', 'activo'),
	(197, '1I', 'Infantil-X', 'Cuentos de Hadas y Fantasía', NULL, 'FAL', '10.873', 1, 1, 'La Onza de Oro', 'Hans Fallada', 'Labor S.A', 0, 3, 'activo', 'activo'),
	(198, '1I', 'Infantil-X', 'Cuentos de Hadas y Fantasía', NULL, 'GOT', '10.886', 1, 1, 'Vacaciones en casa del tio nepomuk', 'Hans Gottanka', 'IRBIS S.A', 1979, 1, 'activo', 'activo'),
	(199, '1I', 'Infantil-X', 'Cuentos de Hadas y Fantasía', NULL, 'HOR', '10.902', 1, 1, 'La Princesa que no sabía reir', 'Marlies HÖrger', 'Grupo Anaya S.A', 1991, 1, 'activo', 'activo'),
	(200, '1I', 'Infantil-X', 'Cuentos de Hadas y Fantasía', NULL, 'ISH', '10.903', 1, 1, 'El Gorrión de la lengua Cortada', 'Momoko Ishii', 'Ediciones Ekaré ', 0, 2, 'activo', 'activo'),
	(201, '1I', 'Infantil-X', 'Cuentos de Hadas y Fantasía', NULL, 'ISH', '10.904', 1, 1, 'El Gorrión de la lengua Cortada', 'Momoko Ishii', 'Ediciones Ekaré ', 0, 2, 'activo', 'activo'),
	(202, '1I', 'Infantil-X', 'Cuentos de Hadas y Fantasía', NULL, 'JOY', '10.906', 1, 1, 'Guillermo se achica', 'William Joyce', 'Norma S.A', 1991, 1, 'activo', 'activo'),
	(203, '1I', 'Infantil-X', 'Cuentos de Hadas y Fantasía', NULL, 'QUA', '11.022', 1, 1, 'Ayy, cómo duele: manual para estar sano en invierno y en verano', 'Quarenghi Giusi', 'Ediciones Altea', 1982, 1, 'activo', 'activo'),
	(204, '1I', 'Infantil-X', 'Novelas de Aventuras', NULL, 'ARD', '9.975', 1, 1, 'Misterio de la casa que se encogía', 'William Arden', 'Molino', 1987, 1, 'activo', 'activo'),
	(205, '1I', 'Infantil-X', 'Novelas de Aventuras', NULL, 'BAR', '13.155', 2, 1, 'Civilizaciones Internas', 'Enrique Barrios ', 'Ediciones Silzú', 1998, 1, 'activo', 'activo'),
	(206, '1I', 'Infantil-X', 'Novelas de Aventuras', NULL, 'CAR', '13.582', 1, 1, 'El Libro más triste del mundo', 'Otilio Carvajal Marrero', 'El Perro y la Rana', 2010, 2, 'activo', 'activo'),
	(207, '1I', 'Infantil-X', 'Novelas de Aventuras', NULL, 'DAH', '10.057', 4, 1, 'La Jirafa, El Pelícano y el Mono', 'Roald Dahl', 'Editorial Santillana', 1992, 2, 'activo', 'activo'),
	(208, '1I', 'Infantil-X', 'Novelas de Aventuras', NULL, 'ECK', '11.185', 3, 1, 'El hombre  de negro', 'Wolfgang Ecke', 'Ideas Gráficas S.A', 1972, 2, 'activo', 'activo'),
	(209, '1I', 'Infantil-X', 'Novelas de Aventuras', NULL, 'FAU', '10.064', 1, 1, 'Percevan: Las Llaves de Fuego', 'Fauche Leturgie Luguy', 'Grijalbo Dargaud S.A', 1988, 1, 'activo', 'activo'),
	(210, '1I', 'Infantil-X', 'Novelas de Aventuras', NULL, 'GAR', '10.075', 1, 1, 'Los Ojos del Dragon', 'Ángels Gardella', 'Grupo Anaya S.A', 1994, 1, 'activo', 'activo'),
	(211, '1I', 'Infantil-X', 'Novelas de Aventuras', NULL, 'HOF', '11.187', 4, 1, 'Pan Tau: Su Historia completa, cómo se perdió y cómo volvieron a encontrarle', 'NO POSEE', 'Ediciones Alfaguara S.A', 1985, 1, 'activo', 'activo'),
	(212, '1I', 'Infantil-X', 'Novelas de Aventuras', NULL, 'JAN', '10.103', 13, 1, 'Juan Chorlito y el indio invisible', 'Janosch', 'Ediciones S.M', 1995, 1, 'activo', 'activo'),
	(213, '1I', 'Infantil-X', 'Novelas de Aventuras', NULL, 'KAH', '10.107', 16, 1, 'Un ordenador nada ordinario', 'Michéle Kahn', 'Editorial Santillana', 1995, 1, 'activo', 'activo'),
	(214, '1I', 'Infantil-X', 'Cuentos de Animales', NULL, 'ARD', 'S.R', 1, 1, 'Las Ardillitas Mellizas', 'María Laura Serrano', 'Sigmar S.A', 1974, 1, 'activo', 'activo'),
	(215, '1I', 'Infantil-X', 'Cuentos de Animales', NULL, 'BER', '12.572', 1, 1, '¡Buenas Noches!', 'Rotraut Susanne Berner', 'Grupo Anaya S.A', 2002, 1, 'activo', 'activo'),
	(216, '1I', 'Infantil-X', 'Cuentos de Animales', NULL, 'CAR', '10.361', 2, 1, 'Caballito Blanco', 'Onelio Jorge Cardoso', 'Lóguez Ediciones', 1989, 1, 'activo', 'activo'),
	(217, '1I', 'Infantil-X', 'Cuentos de Animales', NULL, 'DET', '10.384', 1, 1, 'El Delfín Serafín', 'Jeanne Dethise y Philippe Salembier', 'Juventud S.A', 1969, 1, 'activo', 'activo'),
	(218, '1I', 'Infantil-X', 'Cuentos de Animales', NULL, 'FIS', 'S.R', 38, 1, 'El Búho que no podía ulular', 'Roberth Fisher y Beth kelly', 'Tallers Gráficos de Romanyá/Valls S.A', 2007, 1, 'activo', 'activo'),
	(219, '1I', 'Infantil-X', 'Cuentos de Animales', NULL, 'GAL', '10.397', 1, 1, 'La Gallinita Roja', 'Eulália Valeri', 'La Galera S.A', 1977, 1, 'activo', 'activo'),
	(220, '1I', 'Infantil-X', 'Cuentos de Animales', NULL, 'HAL', '10.422', 3, 1, 'La Nutria', 'Derek Hall', 'Grupo Anaya S.A', 1991, 2, 'activo', 'activo'),
	(221, '1I', 'Infantil-X', 'Cuentos de Animales', NULL, 'HAL', '10.423', 3, 1, 'La Nutria', 'Derek Hall', 'Grupo Anaya S.A', 1991, 2, 'activo', 'activo'),
	(222, '1I', 'Infantil-X', 'Cuentos de Animales', NULL, 'JAN', '10.433', 3, 1, 'Correo para el Tigre', 'Janosch', 'Ediciones Alfaguara S.A', 1985, 1, 'activo', 'activo'),
	(223, '1I', 'Infantil-X', 'Cuentos de Animales', NULL, 'KUN', '10.440', 1, 1, 'Simón el lirón', 'Rosemarie Künzler', 'Editorial Everest S.A', 1982, 1, 'activo', 'activo'),
	(224, '1I', 'Infantil-X', 'Cuentos de Animales', NULL, 'LOB', '10.454', 1, 1, 'Sapo y Sepo son Amigos', 'Arnold Lobel', 'Ediciones Alfaguara S.A', 1985, 2, 'activo', 'activo'),
	(225, '1I', 'Infantil-X', 'Cuentos de Animales', NULL, 'ROL', '10.541', 1, 1, 'Animal de patas largas', 'Gustavo Roldán', 'Ediciones El barco de papel', 1984, 1, 'activo', 'activo'),
	(226, '1I', 'Infantil-X', 'Cuentos de Animales', NULL, 'LOB', '10.455', 1, 1, 'Sapo y Sepo son Amigos', 'Arnold Lobel', 'Ediciones Alfaguara S.A', 1985, 1, 'activo', 'activo'),
	(227, '1I', 'Infantil-X', 'Cuentos de Animales', NULL, 'TUR', '10.555', 1, 1, 'Arturo y Clementina', 'Adela Turin y Nella Bosnia', 'Lumen', 1976, 1, 'activo', 'activo'),
	(228, '1I', 'Infantil-X', 'Sección de los más pequeños', NULL, 'ADI', '11.426', 1, 1, 'Adivina quien soy', 'Muñecos de Vegetales', 'Froebel-kan.co ltd', 1970, 3, 'activo', 'activo'),
	(229, '1I', 'Infantil-X', 'Sección de los más pequeños', NULL, 'BRU', '11.460', 1, 1, 'El Pez', 'Dick Bruna', 'Editorial Tolle, Lege', 0, 1, 'activo', 'activo'),
	(230, '1I', 'Infantil-X', 'Sección de los más pequeños', NULL, 'CUL', '11.494', 1, 1, '¡Que sí, que no!', 'Rita Culla', 'Juventud', 1973, 3, 'activo', 'activo'),
	(231, '1I', 'Infantil-X', 'Sección de los más pequeños', NULL, 'DOM', '11.516', 1, 1, 'El domingo nos divertimos', 'Muñecos de Vegetales', 'Froebel-kan.co ltd', 1971, 3, 'activo', 'activo'),
	(232, '1I', 'Infantil-X', 'Sección de los más pequeños', NULL, 'ENC', '11.521', 1, 1, 'En casa de los Abuelos', 'La Galera', 'T.G Ruiromer', 1973, 2, 'activo', 'activo'),
	(233, '1I', 'Infantil-X', 'Sección de los más pequeños', NULL, 'ENC', '11.522', 1, 1, 'En casa de los Abuelos', 'La Galera', 'T.G Ruiromer', 1973, 2, 'activo', 'activo'),
	(234, '1I', 'Infantil-X', 'Sección de los más pequeños', NULL, 'FUE', '11.525', 1, 1, 'Un día en la oficina', 'Morella Fuenmayor', 'Ex Libris', 1987, 1, 'activo', 'activo'),
	(235, '1I', 'Infantil-X', 'Sección de los más pequeños', NULL, 'GIN', '11.526', 1, 1, 'Burbujita', 'Montse Ginesta', 'Juventud', 1975, 1, 'activo', 'activo'),
	(236, '1I', 'Infantil-X', 'Sección de los más pequeños', NULL, 'JUG', '11.534', 1, 1, 'Juguete', 'La Galera', 'T.G Ruiromer', 1974, 2, 'activo', 'activo'),
	(237, '1I', 'Infantil-X', 'Sección de los más pequeños', NULL, 'JUG', '11.535', 1, 1, 'Juguete', 'La Galera', 'T.G Ruiromer', 1974, 2, 'activo', 'activo'),
	(238, '1I', 'Infantil-X', 'Sección de los más pequeños', NULL, 'MON', '11.540', 1, 1, 'Ivan y la Sirena', 'Graciela Montes y Oscar Rojas', 'Coquena Grupo Editor S.R.L', 0, 2, 'activo', 'activo'),
	(239, '1I', 'Infantil-X', 'Sección de los más pequeños', NULL, 'MON', '11.541', 1, 1, 'Ivan y la Sirena', 'Graciela Montes y Oscar Rojas', 'Coquena Grupo Editor S.R.L', 0, 2, 'activo', 'activo'),
	(240, '1I', 'Infantil-X', 'Sección de los más pequeños', NULL, 'MON', 'S.R', 1, 1, 'Había una vez una casa', 'Graciela Montes y Oscar Rojas', 'Alfaguara', 2005, 1, 'activo', 'activo'),
	(241, '1I', 'Infantil-X', 'Sección de los más pequeños', NULL, 'GIN', '11.527', 1, 1, 'Burbujita vuela', 'Montse Ginesta', 'Juventud', 1975, 1, 'activo', 'activo'),
	(242, '1I', 'Infantil-X', 'Novelas Históricas', NULL, 'BER', '9.989', 1, 1, 'El Mensaje de los Tambores', 'Marc y Evelyne Bernheim', 'Timun Mas', 1972, 2, 'activo', 'activo'),
	(243, '1I', 'Infantil-X', 'Novelas Históricas', NULL, 'BER', '9.990', 1, 1, 'El Mensaje de los Tambores', 'Marc y Evelyne Bernheim', 'Timun Mas', 1972, 2, 'activo', 'activo'),
	(244, '1I', 'Infantil-X', 'Novelas Históricas', NULL, 'CAN', '10.136', 1, 1, 'Cantar de Mio Cid', 'Ana María Moix', 'Lumen S.A', 1984, 1, 'activo', 'activo'),
	(245, '1I', 'Infantil-X', 'Novelas Históricas', NULL, 'CAR', '11.209', 1, 1, 'Negrita', 'Onelio Jorge Cardoso', 'Lóguez Ediciones', 1985, 2, 'activo', 'activo'),
	(246, '1I', 'Infantil-X', 'Novelas Históricas', NULL, 'CUE', '11.216', 2, 1, 'Cuentos Rusos', 'Ramón Pujol', 'AFHA Internacional S.A', 1970, 2, 'activo', 'activo'),
	(247, '1I', 'Infantil-X', 'Novelas Históricas', NULL, 'DIC', '11.218', 4, 1, 'Canción de Navidad ', 'Charles Dickens', 'Grupo Anaya S.A', 1991, 2, 'activo', 'activo'),
	(248, '1I', 'Infantil-X', 'Novelas Históricas', NULL, 'END', '11.744', 29, 1, 'Momo', 'Michael Ende', 'Alfaguara S.A', 1986, 1, 'activo', 'activo'),
	(249, '1I', 'Infantil-X', 'Novelas Históricas', NULL, 'GUT', '11.220', 1, 1, 'Cocori', 'Joaquin Gutierrez', 'Editorial Costa Rica', 1948, 1, 'activo', 'activo'),
	(250, '1I', 'Infantil-X', 'Novelas Históricas', NULL, 'KOR', '11.223', 1, 1, 'El Fuego de los Pastores', 'Concha Lopez Narvaez', 'Espasa-Calpe S.A', 1987, 1, 'activo', 'activo'),
	(251, '1I', 'Infantil-X', 'Novelas Históricas', NULL, 'LOP', '11.222', 1, 1, 'El Zorrito Abandonado', 'Irina Korschunow', 'Norma', 1992, 2, 'activo', 'activo'),
	(252, '1I', 'Infantil-X', 'Novelas Históricas', NULL, 'RUT', '10.188', 1, 1, 'Kra, El Mandril', 'Bernard Rutley', 'Molino', 1982, 1, 'activo', 'activo'),
	(253, '1I', 'Infantil-X', 'Fábulas', NULL, 'FAB', '11.246', 4, 1, 'Fábulas', 'Esopo, Fedro…', 'Andres Bello', 1992, 2, 'activo', 'activo'),
	(254, '1I', 'Infantil-X', 'Fábulas', NULL, 'GUI', '11.252', 1, 1, 'Fábulas Cantadas', 'Ana María Güiraldes', 'Andres Bello', 0, 2, 'activo', 'activo'),
	(255, '1I', 'Infantil-X', 'Fábulas', NULL, 'JAN', '11.254', 3, 1, 'Fábulas de Animales', 'Albert Jané', 'Luis Vives', 1993, 1, 'activo', 'activo'),
	(256, '1I', 'Infantil-X', 'Fábulas', NULL, 'NAZ', '11.258', 1, 1, 'Fábulas de la Avispa Ahogada', 'Aquiles Nazoa', 'Ex libris', 1991, 1, 'activo', 'activo'),
	(257, '1I', 'Infantil-X', 'Fábulas', NULL, 'NAZ', '11.205', 9, 1, 'Fábula de la Ratoncita Presumida', 'Aquiles Nazoa', 'Ex libris', 1998, 2, 'activo', 'activo'),
	(258, '1I', 'Infantil-X', 'Fábulas', NULL, 'NAZ', '11.257', 9, 1, 'Fábula de la Ratoncita Presumida', 'Aquiles Nazoa', 'Ex libris', 1998, 2, 'activo', 'activo'),
	(259, '1I', 'Infantil-X', 'Fábulas', NULL, 'RIV', 'S.R', 1, 1, 'El Mundo de Tio Conejo', 'Rafael Rivero Oramas', 'Editorial Arte', 1973, 3, 'activo', 'activo'),
	(260, '1I', 'Infantil-X', 'Fábulas', NULL, 'MUZ', '11.256', 1, 1, 'Dieciocho Fabulas del Lobo Malo', 'Jean Muzi', 'Norma S.A', 1993, 1, 'activo', 'activo'),
	(261, '1I', 'Infantil-X', 'Fábulas', NULL, 'SAM', '11.259', 1, 1, 'Fabulas de Samaniego', 'Everest S.A', 'Everest S.A', 1971, 1, 'activo', 'activo'),
	(262, '1I', 'Infantil-X', 'Cuentos Venezolanos', NULL, 'BLA', '11.305', 3, 1, 'Caliebirri-Nae Cudeido: Literatura Jovi', 'Luis Blanco ', 'Tinta, Papel y Vida', 1986, 2, 'activo', 'activo'),
	(263, '1I', 'Infantil-X', 'Cuentos Venezolanos', NULL, 'BLA', '11.306', 3, 1, 'Caliebirri-Nae Cudeido: Literatura Jovi', 'Luis Blanco ', 'Tinta, Papel y Vida', 1986, 2, 'activo', 'activo'),
	(264, '1I', 'Infantil-X', 'Cuentos Venezolanos', NULL, 'AGU', '11.289', 1, 1, 'Las guayabas de leonidas', 'Renato Agagliate', 'Minerva', 1996, 2, 'activo', 'activo'),
	(265, '1I', 'Infantil-X', 'Cuentos Venezolanos', NULL, 'AGU', '1.285', 1, 1, 'Las guayabas de leonidas', 'Renato Agagliate', 'Minerva', 1996, 2, 'activo', 'activo'),
	(266, '1I', 'Infantil-X', 'Cuentos Venezolanos', NULL, 'AGU', '11.287', 1, 1, 'Trapiches', 'Lilian Aguilar', 'Capacitacion de Macare', 1995, 1, 'activo', 'activo'),
	(267, '1I', 'Infantil-X', 'Cuentos Venezolanos', NULL, 'AGU', '11.289', 1, 1, 'Este era una vez', 'Almoina de Carrera Pilar', 'Biblioteca Infantil venezolana', 1972, 2, 'activo', 'activo'),
	(268, '1I', 'Infantil-X', 'Cuentos Venezolanos', NULL, 'AGU', '11.288', 1, 1, 'Este era una vez', 'Almoina de Carrera Pilar', 'Biblioteca Infantil venezolana', 1972, 2, 'activo', 'activo'),
	(269, '1I', 'Infantil-X', 'Cuentos Venezolanos', NULL, 'ALV', '13.578', 1, 1, 'Se ha perdido la luna', 'Victor Alvarez', 'Fundacion Ediciones rana', 2009, 1, 'activo', 'activo'),
	(270, '1I', 'Infantil-X', 'Cuentos Venezolanos', NULL, 'ANG', '11.290', 1, 1, 'Los cuentos de mamá Lola', 'Lola de Angeli', 'INCIBA', 1968, 2, 'activo', 'activo'),
	(271, '1I', 'Infantil-X', 'Cuentos Venezolanos', NULL, 'ANG', '11.291', 1, 1, 'Los cuentos de mamá Lola', 'Lola de Angeli', 'INCIBA', 1968, 2, 'activo', 'activo'),
	(272, '1I', 'Infantil-X', 'Cuentos Venezolanos', NULL, 'ANT', '11.292', 1, 1, '¿Cenan los tigres la noche de navidad?', 'Laura Antillano', 'Monte Avila Latinoamericana', 1990, 3, 'activo', 'activo'),
	(273, '1I', 'Infantil-X', 'Cuentos Venezolanos', NULL, 'ANZ', '10.776', 1, 1, 'Monologo de un arbol solitario', 'Rosario Anzola', 'Editorial Arte', 1983, 2, 'activo', 'activo'),
	(274, '1I', 'Infantil-X', 'Cuentos Venezolanos', NULL, 'ARA', '11.301', 1, 1, 'Los viajes de Miguel Vicente pata caliente', 'Orlando Araujo ', 'Banco del Libro', 1992, 2, 'activo', 'activo'),
	(275, '1I', 'Infantil-X', 'Cuentos Venezolanos', NULL, 'ARA', '11.299', 1, 1, 'Los viajes de Miguel Vicente pata caliente', 'Orlando Araujo ', 'Monte Avila Latinoamericana', 1997, 2, 'activo', 'activo'),
	(276, '1I', 'Infantil-X', 'Cuentos Venezolanos', NULL, 'ARA', '11.995', 1, 1, 'El niño que llegó hasta el sol', 'Orlando Araujo ', 'Ediciones Maria di Mase', 1979, 1, 'activo', 'activo'),
	(277, '1I', 'Infantil-X', 'Agricultura', NULL, '630B144', '9.710', 1, 1, 'El señor a la guerra y el labrador a la tierra', 'Enrique bagué', 'Teide', 1969, 2, 'activo', 'activo'),
	(278, '1I', 'Infantil-X', 'Agricultura', NULL, '630B144', '9.711', 1, 1, 'El señor a la guerra y el labrador a la tierra', 'Enrique bagué', 'Teide', 1969, 2, 'activo', 'activo'),
	(279, '1I', 'Infantil-X', 'Agricultura', NULL, '630G463', '9.712', 1, 1, 'La agricultura', 'Pedro Gil Rovira', 'Timun mas', 1973, 3, 'activo', 'activo'),
	(280, '1I', 'Infantil-X', 'Agricultura', NULL, '633.11B465', '9.717', 1, 1, 'Qué es el trigo', 'Amelia Benet', 'Teide', 0, 2, 'activo', 'activo'),
	(281, '1I', 'Infantil-X', 'Agricultura', NULL, '633.11B465', '9.718', 1, 1, 'Qué es el trigo', 'Amelia Benet', 'Teide', 0, 2, 'activo', 'activo'),
	(282, '1I', 'Infantil-X', 'Agricultura', NULL, '634.95G793', '9.727', 1, 1, 'TOM, IRINE y su amigo el árbol', 'Alain Grée', 'Juventud', 1972, 3, 'activo', 'activo'),
	(283, '1I', 'Infantil-X', 'Agricultura', NULL, '633.15P481', '9.722', 3, 1, 'El libro del maíz', 'Maud y Miska Petersham', 'Juventud', 1945, 3, 'activo', 'activo'),
	(284, '1I', 'Infantil-X', 'Petróleo', NULL, '338.27282L151', '8.911', 1, 1, 'La aventura del petróleo', 'Aurora LaCueva', 'Estudios', 1997, 2, 'activo', 'activo'),
	(285, '1I', 'Infantil-X', 'Petróleo', NULL, '338.27282L151', '8.912', 1, 1, 'La aventura del petróleo', 'Aurora LaCueva', 'Estudios', 1997, 2, 'activo', 'activo'),
	(286, '1I', 'Infantil-X', 'Petróleo', NULL, '338.27282M538', '8.913', 1, 1, 'Aceite de piedra', 'Orlando Méndez', 'FONCIED', 2001, 2, 'activo', 'activo'),
	(287, '1I', 'Infantil-X', 'Petróleo', NULL, '338.27282M538', '8.914', 1, 1, 'Aceite de piedra', 'Orlando Méndez', 'FONCIED', 2001, 2, 'activo', 'activo'),
	(288, '1I', 'Infantil-X', 'Petróleo', NULL, '338.1G793', '8.908', 1, 1, 'TOM,IRINE y los productos del campo', 'Alain Grée', 'Juventud', 1971, 3, 'activo', 'activo'),
	(289, '1I', 'Infantil-X', 'Petróleo', NULL, '341.23L343', '8.915', 1, 1, 'Esto es la O.N.U', 'M.Lasek', 'Molino', 0, 2, 'activo', 'activo'),
	(290, '1I', 'Infantil-X', 'Petróleo', NULL, '341.23L343', '8.916', 1, 1, 'Esto es la O.N.U', 'M.Lasek', 'Molino', 0, 2, 'activo', 'activo'),
	(291, '1I', 'Infantil-X', 'Petróleo', NULL, '341.481S693', '8.917', 1, 1, 'Somos noticia', 'Fernando Pereira', 'CECODAP', 1995, 1, 'activo', 'activo'),
	(292, '1I', 'Infantil-X', 'Petróleo', NULL, '346.017M678', '8.921', 4, 1, 'La Convencion de los derechos del niño', 'Oscar misle y Fernando Pereira', 'CECODAP', 1994, 1, 'activo', 'activo'),
	(293, '1I', 'Infantil-X', 'Petróleo', NULL, '346.017M778', '8.922', 5, 1, 'Hagamos valer Nuestros Derechos', 'Lilian Montero', 'CECODAP', 1998, 3, 'activo', 'activo'),
	(294, '1I', 'Infantil-X', 'Petróleo', NULL, '334C148', '8.906', 3, 1, 'Las Cooperativas Una Forma de Organización Popular', 'Mercedes Calero', 'Cooperativa Laboratorio Educativo', 1995, 1, 'activo', 'activo'),
	(295, '1I', 'Infantil-X', 'Petróleo', NULL, '346.017P221', '8.925', 1, 1, 'Para todos los niños', 'NO POSEE', 'Unicef', 2001, 1, 'activo', 'activo'),
	(296, '1I', 'Infantil-X', 'Petróleo', NULL, '370.7122J93', '8.926', 1, 1, 'La naturaleza', 'Peter Herriot', 'Altea', 1983, 1, 'activo', 'activo'),
	(297, '1I', 'Infantil-X', 'Enciclopedias-I', NULL, '001.64N938', '8.810', 2, 1, 'Mi primer diccionario de ordenadores', 'Luca Novelli', 'Anaya', 1986, 2, 'activo', 'activo'),
	(298, '1I', 'Infantil-X', 'Enciclopedias-I', NULL, '001.64N938', '8.808', 4, 1, 'Mi primer libro sobre ordenadores', 'Luca Novelli', 'Anaya', 1986, 2, 'activo', 'activo'),
	(299, '1I', 'Infantil-X', 'Enciclopedias-I', NULL, '036B228', '8.812', 7, 2, 'Mi primer enciclopedia nauta', 'Ugo Barbano', 'Ediciones Nauta', 1978, 2, 'activo', 'activo'),
	(300, '1I', 'Infantil-X', 'Enciclopedias-I', NULL, '036D545', '13.692', 1, 6, 'Diccionario Infantil Ilustrado', 'Plaza y Janes, S.A', 'Plaza y Janes S.A-Edisa S.A', 1966, 6, 'activo', 'activo'),
	(301, '1I', 'Infantil-X', 'Enciclopedias-I', NULL, '036D582', '8.815', 1, 1, 'Dime por qué ', 'Christiane Anglade', 'Argos', 1968, 2, 'activo', 'activo'),
	(302, '1I', 'Infantil-X', 'Enciclopedias-I', NULL, '036D582', '8.814', 10, 1, 'Dime por qué ', 'Christiane Anglade', 'Argos', 1979, 2, 'activo', 'activo'),
	(303, '1I', 'Infantil-X', 'Enciclopedias-I', NULL, '036G975', '8.816', 1, 1, 'Nosotroso y nuestro mundo', 'Gunilla y Magnus Lindberg', 'Lito S.A', 1975, 2, 'activo', 'activo'),
	(304, '1I', 'Infantil-X', 'Enciclopedias-I', NULL, '036I31', '8.819', 1, 12, 'Imágenes del mundo: Lecturas Enciclopédicas para todos', 'Timun Mas', 'Timun Mas', 1963, 12, 'activo', 'activo'),
	(305, '1I', 'Infantil-X', 'Enciclopedias-I', NULL, '036L534', '8.830', 1, 1, 'Lo que los niños quieren saber: Un libro modernos para la juventud', 'Ulla Leippe', 'Everest', 1974, 3, 'activo', 'activo'),
	(306, '1I', 'Infantil-X', 'Enciclopedias-I', NULL, '036P862', '13.698', 1, 1, 'Mi pequeña enciclopedia', 'Herbert Pothorn', 'Plaza y Janes S.A-Edisa S.A', 1965, 1, 'activo', 'activo'),
	(307, '1I', 'Infantil-X', 'Enciclopedias-I', NULL, '036M746', '8.834', 6, 1, 'Dime qué es', 'Simonne Monlau y Georges Monlau', 'Argos', 1975, 2, 'activo', 'activo'),
	(308, '1I', 'Infantil-X', 'Enciclopedias-I', NULL, '036M746', '8.833', 10, 1, 'Dime qué es', 'Simonne Monlau y Georges Monlau', 'Argos', 1980, 2, 'activo', 'activo'),
	(309, '1I', 'Infantil-X', 'Enciclopedias-I', NULL, '036S919', '8.835', 1, 1, 'Mi primera enciclopedia en color', 'Jean Stroud', 'Molino', 1974, 5, 'activo', 'activo'),
	(310, '1I', 'Infantil-X', 'Enciclopedias-I', NULL, '036V836', '8.840', 1, 1, 'Enciclopedia de la niña: Enciclopedia en colores', 'Mirella Vitale', 'Timun Mas', 1975, 1, 'activo', 'activo'),
	(311, '1I', 'Infantil-X', 'Enciclopedias-I', NULL, '036Z31', '8.841', 17, 1, 'El libro del como', 'Guiseppe Zanini', 'Grijalbo', 1973, 1, 'activo', 'activo'),
	(312, '1I', 'Infantil-X', 'Enciclopedias-I', NULL, '036Z31', '8.843', 17, 1, 'El libro del donde', 'Guiseppe Zanini', 'Grijalbo', 1973, 1, 'activo', 'activo'),
	(313, '1I', 'Infantil-X', 'Enciclopedias-I', NULL, '036Z31', '8.842', 17, 1, 'El libro del cuando', 'Guiseppe Zanini', 'Grijalbo', 1973, 1, 'activo', 'activo'),
	(314, '1I', 'Infantil-X', 'Enciclopedias-I', NULL, '036.1E56', '8.843', 1, 6, 'Enciclopedia juvenil océano', 'Océano S.A', 'Oceáno', 1993, 1, 'activo', 'activo'),
	(315, '1I', 'Infantil-X', 'Enciclopedias-I', NULL, '036.1I24', '8.849', 0, 1, 'Enciclopedia Abrete Sésamo:el libro de la a', 'Saro de la Iglesia y Javier Gómez Rea', 'MONTENA-ORBIS', 1995, 1, 'activo', 'activo'),
	(316, '1I', 'Infantil-X', 'Enciclopedias-I', NULL, '036.1I24', '8.850', 0, 1, 'Enciclopedia Abrete Sésamo:el libro de la k-l-ll', 'Saro de la Iglesia y Javier Gómez Rea', 'MONTENA-ORBIS', 1995, 1, 'activo', 'activo'),
	(317, '1I', 'Infantil-X', 'Enciclopedias-I', NULL, '036.1I24', '8.851', 0, 1, 'Enciclopedia Abrete Sésamo:el libro de la c', 'Saro de la Iglesia y Javier Gómez Rea', 'MONTENA-ORBIS', 1995, 1, 'activo', 'activo'),
	(318, '1I', 'Infantil-X', 'Ciencias Naturales', NULL, '372.357A774', '9.025', 1, 1, 'Nuestro mundo: Salud, naturaleza, agricultura', 'Elio Arrechea Rodriguez', 'Cultural Centroamericana', 1969, 1, 'activo', 'activo'),
	(319, '1I', 'Infantil-X', 'Ciencias Naturales', NULL, '3723.045XT1', '8.977', 1, 1, 'Estudios de la naturaleza 1', 'Enrique carvajal / Alirio Rodriguez', 'Kapelusz Venezolana', 1973, 2, 'activo', 'activo'),
	(320, '1I', 'Infantil-X', 'Ciencias Naturales', NULL, '3723.045XT1', '8.978', 1, 1, 'Estudios de la naturaleza 1', 'Estudios de la naturaleza 1', 'Kapelusz Venezolana', 1973, 2, 'activo', 'activo'),
	(321, '1I', 'Infantil-X', 'Ciencias Naturales', NULL, '3723.045XT2', '8.979', 1, 1, 'Educación para la salud 2', 'Enrique carvajal y Alirio Rodriguez', 'Kapelusz Venezolana', 1973, 2, 'activo', 'activo'),
	(322, '1I', 'Infantil-X', 'Ciencias Naturales', NULL, '3723.045XT3', '8.890', 1, 1, 'Cosmos 3', 'Myriam Fernandez', 'Editorial Excelencia', 1998, 1, 'activo', 'activo'),
	(323, '1I', 'Infantil-X', 'Ciencias Naturales', NULL, '3723.045XT6', '9.013', 0, 1, 'Estudios de la naturaleza e higiene', 'Alejandro Pérez', 'Editorial Larense', 0, 2, 'activo', 'activo'),
	(324, '1I', 'Infantil-X', 'Ciencias Naturales', NULL, '3723.045XT6', '8.994', 1, 1, 'Ciencias naturales e higiene', 'Serafin Mazparrote', 'Editorial Biosfera', 0, 2, 'activo', 'activo'),
	(325, '1I', 'Infantil-X', 'Ciencias Naturales', NULL, '3723.045XT1', '8.480', 1, 1, 'Arcoiris: Ciencia de la naturaleza y educación para la salud', 'José Puche y Gladys Enriquez', 'Salesiana', 1973, 2, 'activo', 'activo'),
	(326, '1I', 'Infantil-X', 'Ciencias Naturales', NULL, '3723.045XT1', '9.005', 1, 1, 'Arcoiris: Ciencia de la naturaleza y educación para la salud', 'José Puche y Gladys Enriquez', 'Salesiana', 1973, 2, 'activo', 'activo'),
	(327, '1I', 'Infantil-X', 'Ciencias Naturales', NULL, '3723.045XT4', '9.015', 3, 1, 'Ciencias 4to grado', 'Luis Rey', 'Vasco Americana', 0, 2, 'activo', 'activo'),
	(328, '1I', 'Infantil-X', 'Ciencias Naturales', NULL, '3723.045XT6', '9.022', 0, 1, 'Ciencias de la naturaleza', 'Victor Valecillo', 'Belloso Rossell C.A', 0, 1, 'activo', 'activo'),
	(329, '1I', 'Infantil-X', 'Castellano y literatura', NULL, '372.4X', '9.028', 1, 1, 'Las cosas de cada día 1', 'Rosa Armangué', 'Barcelona', 1972, 1, 'activo', 'activo'),
	(330, '1I', 'Infantil-X', 'Castellano y literatura', NULL, '372.4X', '9.029', 1, 1, 'Las cosas de cada día 2', 'Rosa Armangué', 'Barcelona', 1972, 1, 'activo', 'activo'),
	(331, '1I', 'Infantil-X', 'Castellano y literatura', NULL, '372.4XT3', '9.032', 1, 1, 'Abrapalabra lecturas 3', 'Antonio Basanta y Luis Vázquez', 'Grupo Anaya S.A', 1997, 1, 'activo', 'activo'),
	(332, '1I', 'Infantil-X', 'Castellano y literatura', NULL, '372.4XT2', '9.034', 1, 1, 'Rondita (3er grado)', 'Yolaida Chirinos', 'Ediciones CO-BO', 1988, 1, 'activo', 'activo'),
	(333, '1I', 'Infantil-X', 'Castellano y literatura', NULL, '372.4XT3', '9.035', 8, 1, 'Jorge: Lecturas 3er grado', 'Angel Diaz y F. Otaegui', 'Angelito', 0, 2, 'activo', 'activo'),
	(334, '1I', 'Infantil-X', 'Castellano y literatura', NULL, '372.4XT2', '9.049', 9, 1, 'Venezuela en un viaje 2do grado', 'Daniel Gomez', 'NO POSEE', 1978, 2, 'activo', 'activo'),
	(335, '1I', 'Infantil-X', 'Castellano y literatura', NULL, '372.4XT4', '12.372', 1, 1, 'Lecturas santillana 4 ', 'Santillana S.A', 'Santillana S.A', 1999, 1, 'activo', 'activo'),
	(336, '1I', 'Infantil-X', 'Castellano y literatura', NULL, '372.4X', '13.025', 1, 1, 'El tesoro de saber 1', 'Zamora', 'Zamora LTDA', 2000, 1, 'activo', 'activo'),
	(337, '1I', 'Infantil-X', 'Castellano y literatura', NULL, '372.4X', '9.066', 1, 1, 'Pa´ los muchachos', 'Miguel Ojeda', 'NO POSEE', 0, 1, 'activo', 'activo'),
	(338, '1I', 'Infantil-X', 'Matemáticas', NULL, '372.7XT2', '13.594', 1, 1, 'Actividades de matemáticas para 2do grado de educación primaria', 'Ines de Orellana y Cristina Acosta', 'Empresas Polar', 2011, 1, 'activo', 'activo'),
	(339, '1I', 'Infantil-X', 'Matemáticas', NULL, '372.7XT3', '13.595', 1, 1, 'Actividades de matemáticas para 3er grado de educación primaria', 'Ines de Orellana y Cristina Acosta', 'Empresas Polar', 2012, 1, 'activo', 'activo'),
	(340, '1I', 'Infantil-X', 'Matemáticas', NULL, '372.7XT6', '10.983', 0, 1, 'Matemática 6', 'Benigno Breijo, Miguel Sanzonetti, Alfredo Zabala', 'Monfort', 0, 1, 'activo', 'activo'),
	(341, '1I', 'Infantil-X', 'Matemáticas', NULL, '372.7XT4', '9.116', 0, 1, 'Area de Matemáticas 4°', 'Pablo Dominguez y Ramón Rodriguez', 'Natura, S.R.L', 0, 2, 'activo', 'activo'),
	(342, '1I', 'Infantil-X', 'Matemáticas', NULL, '372.7XT1', '9.120', 0, 1, 'Matemática 1 er grado', 'NO POSEE', 'Fondo educativo Interamericano FEI, C.A', 1974, 2, 'activo', 'activo'),
	(343, '1I', 'Infantil-X', 'Matemáticas', NULL, '372.7XT1', '9.155', 1, 1, 'El nuevo Arcoiris 1er grado', 'José Puche y Gladys Enriquez', 'Salesiana', 1973, 2, 'activo', 'activo'),
	(344, '1I', 'Infantil-X', 'Matemáticas', NULL, '372.7XT1', '9.144', 1, 1, 'El nuevo Arcoiris 1er grado', 'José Puche y Gladys Enriquez', 'Salesiana', 1973, 2, 'activo', 'activo'),
	(345, '3G', 'Tecnología y Ciencias Aplicadas', 'Electrónica', NULL, '621.3E65', '13.658', 1, 1, 'La Era de la Electricidad ', 'NO POSEE', 'Orbis S.A', 1986, 1, 'activo', 'activo'),
	(346, '3G', 'Tecnología y Ciencias Aplicadas', 'Electrónica', NULL, '621.3A923', '4.102', 3, 1, 'Bricolage Electricidad', 'Pierre Auguste', 'Paraninfo S.A', 1993, 3, 'activo', 'activo'),
	(347, '3G', 'Tecnología y Ciencias Aplicadas', 'Electrónica', NULL, '621.3E56', '12.908', 17, 3, 'Electricidad Teórico-Práctica', 'NO POSEE', 'AFHA Internacional  S.A', 1978, 1, 'activo', 'activo'),
	(348, '3G', 'Tecnología y Ciencias Aplicadas', 'Electrónica', NULL, '621.38E38', '4.157', 1, 1, 'La Electrónica ', 'NO POSEE', 'Salvat Editores S.A', 1973, 1, 'activo', 'activo'),
	(349, '3G', 'Tecnología y Ciencias Aplicadas', 'Electrónica', NULL, '621.381S265', '1.382', 2, 1, 'Diseño Electrónico Circuitos y Sistemas', 'C. J. Savant jr', 'Addison-Wesley Iberoamericana ', 1992, 1, 'activo', 'activo'),
	(350, '3G', 'Tecnología y Ciencias Aplicadas', 'Electrónica', NULL, '621.380413B816', '4.116', 1, 1, 'Electrónica ', 'Lane K. Branson', 'Urmo', 1972, 2, 'activo', 'activo'),
	(351, '3G', 'Tecnología y Ciencias Aplicadas', 'Electrónica', NULL, '621.380283S171', '13.799', 2, 1, 'Radiación propagacion y antenas ', 'María José  Salmerón Domínguez ', 'Trillas.S.A', 1984, 1, 'activo', 'activo'),
	(352, '3G', 'Tecnología y Ciencias Aplicadas', 'Electrónica', NULL, '621.321R656', '12.720', 1, 1, 'Análisis y Diseño de Sistemas de Control en Tiempo Discreto', 'Carlos Alberto Rey Soto +', 'UNET', 2006, 2, 'activo', 'activo'),
	(353, '3G', 'Tecnología y Ciencias Aplicadas', 'Electrónica', NULL, '621.381S394', '4.122', 1, 1, 'Manual de Medidas Electricas Industriales ', 'Alexander Schure', 'Urmo', 1996, 2, 'activo', 'activo'),
	(354, '3G', 'Tecnología y Ciencias Aplicadas', 'Electrónica', NULL, '621.384P426', '13.785', 1, 1, 'Radio y Televisión Digitales Tecnología de los sistemas DAB, DVB, IBUC Y ATSC', 'Tomás Perales Benito', 'Copyright', 2005, 1, 'activo', 'activo'),
	(355, '2E', 'Estadal-B', 'Historia Local-Rubio-Junin', NULL, '808.5B715', 'S.R', 1, 1, 'Apuntes de Oratoria y Cuidado de la Voz', 'Ivan A. Bonilla', 'UPEL', 2003, 1, 'activo', 'activo'),
	(356, '2E', 'Estadal-B', 'Historia Local-Rubio-Junin', NULL, '987.125A174', '8.714', 1, 1, 'Pueblo Nuevo', 'Jesús Acevedo', 'NO POSEE', 2003, 1, 'activo', 'activo'),
	(357, '2E', 'Estadal-B', 'Historia Local-Rubio-Junin', NULL, '398.87125A174', '12.672', 1, 1, 'Folklore y Cultura del Municipio Junín ', 'Jesús Acevedo', 'NO POSEE', 2005, 1, 'activo', 'activo'),
	(358, '2E', 'Estadal-B', 'Historia Local-Rubio-Junin', NULL, '987.125A174', '8.713', 1, 1, 'Del Valle de Cania al Pueblo de los Carapos', 'Jesús Acevedo', 'Sofitasa', 1992, 1, 'activo', 'activo'),
	(359, '2E', 'Estadal-B', 'Historia Local-Rubio-Junin', NULL, '918.7125L864', '8.799', 1, 1, 'Estudio Geografico de Delicias y Villa Paez Distrito Junín-Estado Táchira', 'Migdalia Lopez', 'NO POSEE', 1982, 1, 'activo', 'activo'),
	(360, '2E', 'Estadal-B', 'Historia Local-Rubio-Junin', NULL, '987.125R934', 'S.R', 1, 1, 'Rubio Ciudad Pontalida', 'Umir Ruiz', 'NO POSEE', 2005, 1, 'activo', 'activo'),
	(361, '2E', 'Estadal-B', 'Bibliografía-Estadal', NULL, '370.19S231', '8.145', 1, 1, 'La Nueva Riqueza de las Naciones', 'Ernesto Santander', 'Lito Formas', 2010, 1, 'activo', 'activo'),
	(362, '2E', 'Estadal-B', 'Bibliografía-Estadal', NULL, '370S939', '13.102', 1, 1, 'Rubio y su Escuela Normal', 'Eliseo Suárez', 'Simón Rodríguez', 2010, 1, 'activo', 'activo'),
	(363, '2E', 'Estadal-B', 'Bibliografía-Estadal', NULL, '370U26', '8.143', 1, 1, 'La Educación como Trabajo y Otros Escritos', 'Gabriel Ugas ', 'Circulo de Estudios Epistemologícos', 1988, 1, 'activo', 'activo'),
	(364, '2E', 'Estadal-B', 'Bibliografía-Estadal', NULL, '372.19C749', '8.152', 1, 1, 'Conclusiones del I Seminario Regional de Educación', 'NO POSEE', 'UPEL', 1990, 1, 'activo', 'activo'),
	(365, '2E', 'Estadal-B', 'Bibliografía-Estadal', NULL, '370.98712A174', '4.875', 1, 1, 'La Educación en el municipio Junín Siglo XIX', 'Jesús Acevedo Sánchez ', 'NO POSEE', 2001, 1, 'activo', 'activo'),
	(366, '2E', 'Estadal-B', 'Bibliografía-Estadal', NULL, '373.24P123', '8.156', 1, 1, 'El Liceo Simón Bolívar Alumnos de Siempre ', 'Olivia Padilla', 'Bibluoteca de Autores y Temas Tachirenses', 0, 1, 'activo', 'activo'),
	(367, '2E', 'Estadal-B', 'Bibliografía-Estadal', NULL, '371.39C764', '8.150', 1, 1, 'M.A.T.U.S.A. técnicas de Aprendizaje y Desarrollo de la Memoria ', 'Jesús A. Contreras N.', 'NO POSEE', 2001, 1, 'activo', 'activo'),
	(368, '2E', 'Estadal-B', 'Bibliografía-Estadal', NULL, '370.98712D537', '8.153', 1, 1, 'Diagnóstico Educativo Del Estado Tachira', 'Copei', 'NO POSEE', 1987, 1, 'activo', 'activo'),
	(369, '2E', 'Estadal-B', 'Bibliografía-Estadal', NULL, 'B2A832', '7.526', 1, 1, 'Enciclopedia biográfica de ciencia y tecnología', 'Isaac Asimov', 'Revista de Occidente S.A', 1973, 1, 'activo', 'activo'),
	(370, '2E', 'Estadal-B', 'Bibliografía-Estadal', NULL, 'B2C793', '7.527', 1, 1, 'Quien es quien en el estado aragua', 'Bígida Córcida de Bellorín', 'IMPREUPEL', 1998, 2, 'activo', 'activo'),
	(371, '2E', 'Estadal-B', 'Bibliografía-Estadal', NULL, 'B2E56', 'S.R', 1, 2, 'Enciclopedia interactiva de grandes personajes de Venezuela y del Mundo', 'LAFER', 'Aghisa Editorial S.A', 2002, 1, 'activo', 'activo'),
	(372, '2E', 'Estadal-B', 'Bibliografía-Estadal', NULL, 'B2R839', '7.530', 1, 1, 'Rostros y personajes de venezuela', 'Hernández Tulio', 'El Nacional', 0, 1, 'activo', 'activo'),
	(373, '2E', 'Estadal-B', 'Bibliografía-Estadal', NULL, 'E808.86T315', '13.292', 2, 1, 'Cartas de Amor', 'María Consuelo Terán de Vivas', 'Ildefonso Méndez Salcedo', 2012, 2, 'activo', 'activo'),
	(374, '2E', 'Estadal-B', 'Bibliografía-Estadal', NULL, 'E808.803H815', '8.434', 1, 1, 'Nueva Manera de Enfocar la Vida', 'Antonio Horgung Rodríguez', 'Futuro', 1997, 1, 'activo', 'activo'),
	(375, '2E', 'Estadal-B', 'Bibliografía-Estadal', NULL, 'E808.883C539', '8.435', 1, 1, 'Bajo el Sol de los Venados', 'Chiossone', 'Ex Libiris', 1990, 1, 'activo', 'activo'),
	(376, '2E', 'Estadal-B', 'Bibliografía-Estadal', NULL, 'EV860C431', '8.796', 1, 1, 'El Vanguardismo de José Carlos Mariátegui ', 'Mario Cerda Cuitiño', 'Cerda', 1985, 1, 'activo', 'activo'),
	(377, '2E', 'Estadal-B', 'Bibliografía-Estadal', NULL, 'EV808.883T266', '8.437', 1, 1, 'Cinco Aguilas Blancas', 'Humberto Tejera', 'Ex Libris', 1989, 1, 'activo', 'activo'),
	(378, '2E', 'Estadal-B', 'Bibliografía-Estadal', NULL, 'V808.85G643', '3.001', 1, 1, 'Luz del Recuerdo', 'Jesus Gonzalez Romero', 'Edita', 0, 1, 'activo', 'activo'),
	(379, '2E', 'Estadal-B', 'Bibliografía-Estadal', NULL, 'EV860E74', '8.438', 1, 1, 'Palabras Sin Sombras', 'Jose Antonio Escalona Escalona', 'Virgen de la Consolación', 1999, 2, 'activo', 'activo'),
	(380, '2E', 'Estadal-B', 'Bibliografía-Estadal', NULL, 'EV860G643', '8.440', 1, 1, 'Salustio González y la Generacón de "La Alborada"', 'Salustio González', 'Torino', 1998, 1, 'activo', 'activo'),
	(381, '2E', 'Estadal-B', 'Bibliografía-Estadal', NULL, 'V864G643', '12.147', 1, 1, 'Pensamientos y Vivencias', 'Jesús González Romero', 'Litografía Lila', 2005, 1, 'activo', 'activo'),
	(382, '2E', 'Estadal-B', 'Bibliografía-Estadal', NULL, 'V864H557', '8.470', 1, 1, 'Celebración de Estar Vivos', 'Tulio Hernández ', 'Fanarte', 2000, 1, 'activo', 'activo'),
	(383, '2E', 'Estadal-B', 'Bibliografía-Estadal', NULL, 'V864.4L864', '8.471', 3, 1, 'Obras Completas Política y Literatura', 'Luis Lopez Mendez', 'Biblioteca de Autores y Temas Tachirenses', 1992, 1, 'activo', 'activo'),
	(384, '2E', 'Estadal-B', 'Bibliografía-Estadal', NULL, 'V864P227', '8.473', 1, 1, 'San Cristóbal Ciudad de Siempre', 'Pedro Pablo Paredes', 'Lito Formas', 1988, 2, 'activo', 'activo'),
	(385, '2E', 'Estadal-B', 'Bibliografía-Estadal', NULL, 'V864R696', '8.475', 1, 1, 'Escritos Selectos', 'Luis Ernesto Rodriguez Duran', 'Central', 1991, 1, 'activo', 'activo'),
	(386, '2E', 'Estadal-B', 'Bibliografía-Estadal', NULL, 'V864R741', '8.476', 1, 1, 'Los Espacios Socavados', 'Manuel Rojas', 'La Artística', 1994, 2, 'activo', 'activo'),
	(387, '2E', 'Estadal-B', 'Bibliografía-Estadal', NULL, 'V864R741', '8.669', 1, 1, 'Los Espacios Socavados', 'Manuel Rojas', 'La Artística', 1994, 2, 'activo', 'activo'),
	(388, '2E', 'Estadal-B', 'Bibliografía-Estadal', NULL, 'V864R788', '8.477', 1, 1, 'Nostalgia Viajera', 'Rafael Maria Rosales', 'Gobernación  del Estado Táchira', 1978, 2, 'activo', 'activo'),
	(389, '2E', 'Estadal-B', 'Bibliografía-Estadal', NULL, 'V861R928', '8.468', 1, 1, 'Encuentros con Manuel Felipe Rugeles', 'Manuel Felipe Rugeles', 'Lito Formas', 2004, 1, 'activo', 'activo'),
	(390, '2E', 'Estadal-B', 'Bibliografía-Estadal', NULL, 'V864S211', '8.479', 1, 1, 'Mensajes con Destino(1960-1985)', 'Monseñor Dr. Carlos Sánchez Espejo', 'Italgráfica', 1985, 1, 'activo', 'activo'),
	(391, '2E', 'Estadal-B', 'Bibliografía-Estadal', NULL, 'V864S211', '8.480', 1, 1, 'Por los Caminos de la Historia(1960-1985)', 'Monseñor Dr. Carlos Sánchez Espejo', 'Italgráfica', 1989, 1, 'activo', 'activo'),
	(392, '2E', 'Estadal-B', 'Bibliografía-Estadal', NULL, 'V864V434', '8.483', 2, 1, 'El Recuerdo de los Días', 'Ramón Velásquez', 'Biblioteca de Autores y Temas Tachirenses', 1994, 1, 'activo', 'activo'),
	(393, '2E', 'Estadal-B', 'Bibliografía-Estadal', NULL, 'V864S211', '8.481', 1, 1, 'Rafagas Prologos Índice Alfabético Juicios Sobre Ellas(1960-1985)', 'Monseñor Dr. Carlos Sánchez Espejo', 'Italgráfica', 1985, 1, 'activo', 'activo'),
	(394, '2E', 'Estadal-B', 'Bibliografía-Estadal', NULL, 'BARB', '7.549', 1, 1, 'Rafael Maria Baralt', 'Edgar Sanabria', 'Ediciones de la presidencia de la Republica', 1982, 2, 'activo', 'activo'),
	(395, '2E', 'Estadal-B', 'Bibliografía-Estadal', NULL, 'BASB', '7.551', 1, 1, 'Aristides Bastidas: El triunfo del espiritu', 'Myriam Cupello', 'Ediciones de la presidencia de la república', 1994, 1, 'activo', 'activo'),
	(396, '2E', 'Estadal-B', 'Bibliografía-Estadal', NULL, 'BELB', '7.556', 1, 1, 'Andrés Bello', 'Lucy Perez Luciani', 'Grijalbo', 1990, 1, 'activo', 'activo'),
	(397, '2E', 'Estadal-B', 'Bibliografía-Estadal', NULL, 'BELB', '7.552', 0, 1, 'Andrés Bello', 'Secretaría general, OEA', 'Washington D.C', 0, 2, 'activo', 'activo'),
	(398, '2E', 'Estadal-B', 'Bibliografía-Estadal', NULL, 'BELB', '13.144', 1, 1, 'Luis Beltrán Guerrero', 'Ramón A. Contreras', 'El Perro y la Rana', 2007, 1, 'activo', 'activo'),
	(399, '2E', 'Estadal-B', 'Bibliografía-Estadal', NULL, 'BELB', '7.555', 1, 1, 'Los Retratos de Bello', 'Pedro Grases', 'Ediciones de la presidencia de la republica', 0, 1, 'activo', 'activo'),
	(400, '2E', 'Estadal-B', 'Bibliografía-Estadal', NULL, 'BELB', '7.554', 1, 1, 'Andrés Bello', 'Rafael Caldera', 'Monte Avila', 1978, 1, 'activo', 'activo'),
	(401, '2E', 'Estadal-B', 'Bibliografía-Estadal', NULL, 'BERB', '7.558', 1, 1, 'Berlioz', 'Yves Hucher y Jacqueline Morini', 'Espasa-Calpe S.A', 1974, 1, 'activo', 'activo'),
	(402, '2E', 'Estadal-B', 'Bibliografía-Estadal', NULL, 'BERB', '7.559', 1, 1, 'Antonio de Berrio: La obsesión por el dorado', 'José Rafael Lovera', 'Petroleos de Venezuela', 1991, 1, 'activo', 'activo'),
	(403, '2E', 'Estadal-B', 'Bibliografía-Estadal', NULL, 'BETB', '7.560', 0, 1, 'Archivo de Romulo betancourt', 'Virginia Betancourt', 'Fundación Romulo Betancourt', 0, 1, 'activo', 'activo'),
	(404, '2E', 'Estadal-B', 'Bibliografía-Estadal', NULL, 'BETB', '7.562', 1, 3, 'Romulo Betancourt Antología Polico', 'Patricia Soteldo', 'Fundación Romulo Betancourt', 1941, 1, 'activo', 'activo'),
	(405, '2E', 'Estadal-B', 'Bibliografía-Estadal', NULL, 'BETB', '7.566', 2, 1, 'Romulo Betancourt Politico sin ocaso', 'Congreso de la Republica', 'Congreso de la Republica', 1988, 1, 'activo', 'activo'),
	(406, '2E', 'Estadal-B', 'Bibliografía-Estadal', NULL, 'BETB', '7.567', 1, 1, 'Romulo Betancourt y el partido mínimo', 'Arturo Sosa Abascal', 'Fundación Romulo Betancourt', 1995, 1, 'activo', 'activo'),
	(407, '2E', 'Estadal-B', 'Bibliografía-Estadal', NULL, 'BETB', '7.568', 2, 1, 'Romulo: Democracia con garra', 'Carlos Soto Tamayo', 'Editorial Texto', 1986, 1, 'activo', 'activo'),
	(408, '2E', 'Estadal-B', 'Bibliografía-Estadal', NULL, 'BETB', '7.569', 1, 1, 'Jesúa María Blanco Presencia y recuerdo', 'Isabel Colmenares de Bianco', 'Imprenta universitaria', 1977, 1, 'activo', 'activo'),
	(409, '2E', 'Estadal-B', 'Bibliografía-Estadal', NULL, 'BLAB', 'S.R', 1, 1, 'Andrés Eloy Blanco: El hombre, la palabra', 'Efrain Subero', 'Los castores', 1988, 1, 'activo', 'activo'),
	(410, '2E', 'Estadal-B', 'Bibliografía-Estadal', NULL, 'BOLB', '7.600', 1, 1, 'Enfermedad y muerte del Libertador', 'NO POSEE', 'Sociedad venezolana de la historia de la medicina', 1963, 1, 'activo', 'activo'),
	(411, '2E', 'Estadal-B', 'Bibliografía-Estadal', NULL, 'BOLB', '8.332', 2, 1, 'Bolivar', 'S. Key Ayala', 'Ediciones de la presidencia ', 1983, 1, 'activo', 'activo'),
	(412, '2E', 'Estadal-B', 'Bibliografía-Estadal', NULL, 'BOLB', '12.693', 1, 1, 'El libertador', 'Simón Rodriguez', 'El Perro y la Rana', 0, 1, 'activo', 'activo'),
	(413, '2E', 'Estadal-B', 'Bibliografía-Estadal', NULL, 'BOLB', 'S.R', 0, 1, 'Se llamaba Simón bolivar', 'NO POSEE', 'Distribuidora Estudios', 0, 1, 'activo', 'activo'),
	(414, '2E', 'Estadal-B', 'Bibliografía-Estadal', NULL, 'BOLL', '7.597', 0, 1, 'El calvario Alejandrino', 'Jorge Enrique Bolivar', 'NO POSEE', 0, 1, 'activo', 'activo'),
	(415, '2E', 'Estadal-B', 'Bibliografía-Estadal', NULL, 'BOLB', '7.591', 1, 1, 'Caracas 1883', 'Rafael Ramón Castellano', 'Academia Nacional de la Historia', 1983, 1, 'activo', 'activo'),
	(416, '2E', 'Estadal-B', 'Bibliografía-Estadal', NULL, 'B2A832', '7.526', 1, 1, 'Enciclopedia bibliografica de ciencia y tecnología', 'Isaac Asimov', 'Revista Madrid', 1971, 1, 'activo', 'activo'),
	(417, '2E', 'Estadal-B', 'Bibliografía-Estadal', NULL, 'B2C793', '7.527', 1, 1, 'Quién es quién en el estado Aragua', 'Brígida Corcida de Bellorin', 'IMPREUPEL', 1998, 2, 'activo', 'activo'),
	(418, '2E', 'Estadal-B', 'Bibliografía-Estadal', NULL, 'B2ABB', '7.531', 1, 1, 'Centro de promocion del hombre', 'Adelita Calvani', 'PROHOMBRE', 1987, 1, 'activo', 'activo'),
	(419, '2E', 'Estadal-B', 'Bibliografía-Estadal', NULL, 'B2ACO', '8.329', 1, 1, 'Cecilio Acosta', 'Ramón Diaz y Ana Hernandez', 'GRIJALBO', 1946, 3, 'activo', 'activo'),
	(420, '2E', 'Estadal-B', 'Bibliografía-Estadal', NULL, 'B2ACO', '7.533', 1, 1, 'Cecilio Acosta', 'Ramón Diaz y Ana Hernandez', 'GRIJALBO', 1946, 3, 'activo', 'activo'),
	(421, '2E', 'Estadal-B', 'Bibliografía-Estadal', NULL, 'B2ACO', '7.532', 1, 1, 'Cecilio Acosta', 'Ramón Diaz y Ana Hernandez', 'GRIJALBO', 1946, 3, 'activo', 'activo'),
	(422, '2E', 'Estadal-B', 'Bibliografía-Estadal', NULL, 'B2ACO', '7.534', 1, 1, 'Estudios sobre Cecilio Acosta', 'Manuel Alfredo Rodriguez', 'Ateneo de los teques', 1982, 1, 'activo', 'activo'),
	(423, '2E', 'Estadal-B', 'Bibliografía-Estadal', NULL, 'BALV', '7.542', 1, 1, 'Pedro de Alvarado', 'Antonio Gutierrez Escudero', 'Anaya', 1998, 1, 'activo', 'activo'),
	(424, '2E', 'Estadal-B', 'Bibliografía-Estadal', NULL, 'BALV', '7.540', 1, 1, 'Lisandro Alvarado', 'Pascual Venegas Filardo', 'Coleccion bibliografias escolares', 1973, 2, 'activo', 'activo'),
	(425, '2E', 'Estadal-B', 'Bibliografía-Estadal', NULL, 'BALL', '12.746', 1, 1, 'Se abriran las grandes alamedas', 'Salvador Allende', 'Monte Avila', 2008, 1, 'activo', 'activo'),
	(426, '2E', 'Estadal-B', 'Bibliografía-Estadal', NULL, 'BALE', '7.534', 1, 1, 'La vida de Alexander Alexander escrita por el mismo', 'Alexander, Alexander', 'Ediciones de la presidencia de la republica', 1978, 1, 'activo', 'activo'),
	(427, '2E', 'Estadal-B', 'Bibliografía-Estadal', NULL, 'BALC', '7.538', 1, 1, 'Pedro II: Emperador de Brazil', 'Manuel Lucena Salmoral', 'Anaya', 1998, 1, 'activo', 'activo'),
	(428, '2E', 'Estadal-B', 'Bibliografía-Estadal', NULL, 'BAGU', '7.537', 1, 1, 'Educadora simbolo y ejemplo: gladys Aguilera de moreno', 'Jose Antonio Escalona', 'Ediciones Anauco', 1988, 1, 'activo', 'activo'),
	(461, '1I', 'Infantil-X', 'Cuentos de Aventuras', NULL, 'HES', '10.675', 1, 1, 'Diabluras a medianoche', 'Amy Hest', 'Grupo Editorial Norma', 1992, 2, 'activo', 'activo'),
	(462, '1I', 'Infantil-X', 'Cuentos de Aventuras', NULL, 'JAN', '10.678', 3, 1, 'El Tio Poppoff', 'Janosch', 'Editorial Lumen', 1982, 3, 'activo', 'activo'),
	(463, '1I', 'Infantil-X', 'Cuentos de Aventuras', NULL, 'JAN', '10.679', 3, 1, 'El Tio Poppoff', 'Janosch', 'Editorial Lumen', 1982, 3, 'activo', 'activo'),
	(464, '1I', 'Infantil-X', 'Cuentos de Aventuras', NULL, 'KOC', '10.682', 1, 1, 'Iván, Diván y Zarimán', 'Marta Koci', 'Editorial Kapelusz Colombiana S.A', 1984, 2, 'activo', 'activo'),
	(465, '1I', 'Infantil-X', 'Cuentos de Aventuras', NULL, 'LIO', '10.687', 1, 1, 'Nadarín', 'Leo Lionni', 'Editorial Lumen S.A', 1969, 2, 'activo', 'activo'),
	(466, '1I', 'Infantil-X', 'Cuentos de Aventuras', NULL, 'PRO', '10.738', 3, 1, 'La Carpa', 'Jan Prochazka', 'Ediciones Alfaguara S.A', 1983, 2, 'activo', 'activo'),
	(467, '3G', 'Filosofía y Psicología', 'Psicología-Diccionarios', NULL, '150.3E56', '13.361', 1, 4, 'Enciclopedia de la Psicología', 'Grupo Oceano', 'Editorial OCEANO', 0, 3, 'activo', 'activo'),
	(468, '3G', 'Filosofía y Psicología', 'Psicología-Diccionarios', NULL, '150.3E56', '13.362', 1, 4, 'Enciclopedia de la Psicología', 'Grupo Oceano', 'Editorial OCEANO', 0, 3, 'activo', 'activo'),
	(469, '3G', 'Filosofía y Psicología', 'Psicología-Diccionarios', NULL, '150.3E56', '13.363', 1, 4, 'Enciclopedia de la Psicología', 'Grupo Oceano', 'Editorial OCEANO', 0, 3, 'activo', 'activo'),
	(470, '3G', 'Filosofía y Psicología', 'Psicología-Diccionarios', NULL, '150.3E56', '0.512', 1, 2, 'Enciclopedia de Psicología', 'R.S.S.F.R', 'Editorial Grijalbo S.A', 1969, 6, 'activo', 'activo'),
	(471, '3G', 'Filosofía y Psicología', 'Psicología-Diccionarios', NULL, '150.3E56', '12.130', 1, 6, 'Enciclopedia de Psicología', 'R.S.S.F.R', 'Editorial Grijalbo S.A', 1969, 6, 'activo', 'activo'),
	(472, '3G', 'Filosofía y Psicología', 'Psicología-Diccionarios', NULL, '150.3E56', '12.131', 1, 6, 'Enciclopedia de Psicología', 'R.S.S.F.R', 'Editorial Grijalbo S.A', 1969, 6, 'activo', 'activo'),
	(473, '3G', 'Filosofía y Psicología', 'Psicología-Diccionarios', NULL, '150.3E56', '12.132', 1, 6, 'Enciclopedia de Psicología', 'R.S.S.F.R', 'Editorial Grijalbo S.A', 1969, 6, 'activo', 'activo'),
	(474, '3G', 'Filosofía y Psicología', 'Psicología-Diccionarios', NULL, '150.3E56', '12.133', 1, 6, 'Enciclopedia de Psicología', 'R.S.S.F.R', 'Editorial Grijalbo S.A', 1969, 6, 'activo', 'activo'),
	(475, '3G', 'Filosofía y Psicología', 'Psicología-Diccionarios', NULL, '150.3E56', '12.134', 1, 6, 'Enciclopedia de Psicología', 'R.S.S.F.R', 'Editoriala Grijalbo S.A', 1969, 6, 'activo', 'activo'),
	(476, '3G', 'Filosofía y Psicología', 'Psicología-Diccionarios', NULL, '150.3P974', '0.373', 1, 1, 'Psicología', 'Ediciones Algar S.A', 'Ediciones Algar S.A', 1987, 4, 'activo', 'activo'),
	(477, '3G', 'Filosofía y Psicología', 'Psicología-Diccionarios', NULL, '150.3P974', '0.374', 1, 1, 'Psicología', 'Ediciones Algar S.A', 'Ediciones Algar S.A', 1987, 4, 'activo', 'activo'),
	(478, '3G', 'Filosofía y Psicología', 'Psicología-Diccionarios', NULL, '150.3P974', '0.375', 1, 1, 'Psicología', 'Ediciones Algar S.A', 'Ediciones Algar S.A', 1987, 4, 'activo', 'activo'),
	(479, '3G', 'Filosofía y Psicología', 'Psicología-Diccionarios', NULL, '150.3P974', '0.376', 1, 1, 'Psciología', 'Ediciones Algar S.A', 'Ediciones Algar S.A', 1987, 4, 'activo', 'activo'),
	(480, '3G', 'Filosofía y Psicología', 'Filosofía-Diccionarios', NULL, '103F379', '0.379', 5, 2, 'Diccionario de Filosofía: Copia', 'Jose Ferrater Mora', 'Alianza Editorial S.A', 1986, 2, 'activo', 'activo'),
	(481, '3G', 'Filosofía y Psicología', 'Filosofía-Diccionarios', NULL, '103F379', '0.357', 5, 6, 'Diccionario de Filosofía: Original', 'Jose Ferrater Mora', 'Alianza Editorial S.A', 1986, 5, 'activo', 'activo'),
	(482, '3G', 'Filosofía y Psicología', 'Filosofía-Diccionarios', NULL, '103F379', '0.358', 5, 6, 'Diccionario de Filosofía: Original', 'Jose Ferrater Mora', 'Alianza Editorial S.A', 1986, 5, 'activo', 'activo'),
	(483, '3G', 'Filosofía y Psicología', 'Filosofía-Diccionarios', NULL, '103F379', '0.359', 5, 6, 'Diccionario de Filosofía: Original', 'Jose Ferrater Mora', 'Alianza Editorial S.A', 1986, 5, 'activo', 'activo'),
	(484, '3G', 'Filosofía y Psicología', 'Filosofía-Diccionarios', NULL, '103F379', '0.360', 5, 6, 'Diccionario de Filosofía: Original', 'Jose Ferrater Mora', 'Alianza Editorial S.A', 1986, 5, 'activo', 'activo'),
	(485, '3G', 'Filosofía y Psicología', 'Filosofía-Diccionarios', NULL, '103F379', '0.361', 5, 6, 'Diccionario de Filosofía: Original', 'Jose Ferrater Mora', 'Alianza Editorial S.A', 1986, 5, 'activo', 'activo'),
	(486, '3G', 'Filosofía y Psicología', 'Filosofía-Diccionarios', NULL, '103F379', '13.062', 1, 4, 'Diccionario de Filosofía: Nueva Edición Actualizada', 'Jose Ferrater Mora', 'Editorial Ariel S.A', 2001, 3, 'activo', 'activo'),
	(487, '3G', 'Filosofía y Psicología', 'Filosofía-Diccionarios', NULL, '103F379', '13.063', 1, 4, 'Diccionario de Filosofía: Nueva Edición Actualizada', 'Jose Ferrater Mora', 'Editorial Ariel S.A', 2001, 3, 'activo', 'activo'),
	(488, '3G', 'Filosofía y Psicología', 'Filosofía-Diccionarios', NULL, '103F379', '13.064', 1, 4, 'Diccionario de Filosofía: Nueva Edición Actualizada', 'Jose Ferrater Mora', 'Editorial Ariel S.A', 2001, 3, 'activo', 'activo'),
	(489, '3G', 'Filosofía y Psicología', 'Filosofía', NULL, '101B959', '0.387', 1, 3, 'Filosofía: Una Introducción', 'Ignacio Burk', 'Insula', 1975, 2, 'activo', 'activo'),
	(490, '3G', 'Filosofía y Psicología', 'Filosofía', NULL, '101B959', '0.388', 1, 3, 'Filosofía: Una Introducción', 'Ignacio Burk', 'Insula', 1975, 2, 'activo', 'activo'),
	(491, '3G', 'Ciencias de la Computación, Información y Obras Generales', 'Enciclopedias y Diccionarios', NULL, '036.1D545', '0.097', 4, 23, 'Diccionario Enciclopédico Hispano-Americano: Tomo II', 'W.M Jackson Inc.', 'Editorial Richards S.A', 1939, 1, 'activo', 'activo'),
	(492, '3G', 'Ciencias de la Computación, Información y Obras Generales', 'Enciclopedias y Diccionarios', NULL, '036.1D545', '0.098', 4, 23, 'Diccionario Enciclopédico Hispano-Americano: Tomo III', 'W.M Jackson Inc.', 'Editorial Richards S.A', 1939, 1, 'activo', 'activo'),
	(493, '3G', 'Ciencias de la Computación, Información y Obras Generales', 'Enciclopedias y Diccionarios', NULL, '036.1D545', '0.099', 4, 23, 'Diccionario Enciclopédico Hispano-Americano: Tomo IV', 'W.M Jackson Inc.', 'Editorial Richards S.A', 1939, 1, 'activo', 'activo'),
	(494, '3G', 'Ciencias de la Computación, Información y Obras Generales', 'Enciclopedias y Diccionarios', NULL, '036.1D545', '0.100', 4, 23, 'Diccionario Enciclopédico Hispano-Americano: Tomo V', 'W.M Jackson Inc.', 'Editorial Richards S.A', 1939, 1, 'activo', 'activo'),
	(495, '3G', 'Ciencias de la Computación, Información y Obras Generales', 'Enciclopedias y Diccionarios', NULL, '036.1D545', '0.101', 4, 23, 'Diccionario Enciclopédico Hispano-Americano: Tomo VI', 'W.M Jackson Inc.', 'Editorial Richards S.A', 1939, 1, 'activo', 'activo'),
	(496, '3G', 'Ciencias de la Computación, Información y Obras Generales', 'Enciclopedias y Diccionarios', NULL, '036.1D545', '0.102', 4, 23, 'Diccionario Enciclopédico Hispano-Americano: Tomo VII', 'W.M Jackson Inc.', 'Editorial Richards S.A', 1939, 1, 'activo', 'activo'),
	(497, '3G', 'Ciencias de la Computación, Información y Obras Generales', 'Enciclopedias y Diccionarios', NULL, '036.1D545', '0.103', 4, 23, 'Diccionario Enciclopédico Hispano-Americano: Tomo VIII', 'W.M Jackson Inc.', 'Editorial Richards S.A', 1939, 1, 'activo', 'activo'),
	(498, '3G', 'Ciencias de la Computación, Información y Obras Generales', 'Enciclopedias y Diccionarios', NULL, '036.1D545', '0.104', 4, 23, 'Diccionario Enciclopédico Hispano-Americano: Tomo IX', 'W.M Jackson Inc.', 'Editorial Richards S.A', 1939, 1, 'activo', 'activo'),
	(499, '3G', 'Ciencias de la Computación, Información y Obras Generales', 'Enciclopedias y Diccionarios', NULL, '036.1D545', '0.105', 4, 23, 'Diccionario Enciclopédico Hispano-Americano: Tomo X', 'W.M Jackson Inc.', 'Editorial Richards S.A', 1939, 1, 'activo', 'activo'),
	(500, '3G', 'Ciencias de la Computación, Información y Obras Generales', 'Enciclopedias y Diccionarios', NULL, '036.1D545', '0.106', 4, 23, 'Diccionario Enciclopédico Hispano-Americano: Tomo XI', 'W.M Jackson Inc.', 'Editorial Richards S.A', 1939, 1, 'activo', 'activo'),
	(501, '3G', 'Ciencias de la Computación, Información y Obras Generales', 'Enciclopedias y Diccionarios', NULL, '036.1D545', '0.107', 4, 23, 'Diccionario Enciclopédico Hispano-Americano: Tomo XII', 'W.M Jackson Inc.', 'Editorial Richards S.A', 1939, 1, 'activo', 'activo'),
	(502, '3G', 'Ciencias de la Computación, Información y Obras Generales', 'Enciclopedias y Diccionarios', NULL, '036.1D545', '0.108', 4, 23, 'Diccionario Enciclopédico Hispano-Americano: Tomo XIII', 'W.M Jackson Inc.', 'Editorial Richards S.A', 1939, 1, 'activo', 'activo'),
	(503, '3G', 'Ciencias de la Computación, Información y Obras Generales', 'Enciclopedias y Diccionarios', NULL, '036.1D545', '0.109', 4, 23, 'Diccionario Enciclopédico Hispano-Americano: Tomo XIV', 'W.M Jackson Inc.', 'Editorial Richards S.A', 1939, 1, 'activo', 'activo'),
	(504, '3G', 'Ciencias de la Computación, Información y Obras Generales', 'Enciclopedias y Diccionarios', NULL, '036.1D545', '0.110', 4, 23, 'Diccionario Enciclopédico Hispano-Americano: Tomo XV', 'W.M Jackson Inc.', 'Editorial Richards S.A', 1939, 1, 'activo', 'activo'),
	(505, '3G', 'Ciencias de la Computación, Información y Obras Generales', 'Enciclopedias y Diccionarios', NULL, '036.1D545', '0.111', 4, 23, 'Diccionario Enciclopédico Hispano-Americano: Tomo XVI', 'W.M Jackson Inc.', 'Editorial Richards S.A', 1939, 1, 'activo', 'activo'),
	(506, '3G', 'Ciencias de la Computación, Información y Obras Generales', 'Enciclopedias y Diccionarios', NULL, '036.1D545', '0.112', 4, 23, 'Diccionario Enciclopédico Hispano-Americano: Tomo XVII', 'W.M Jackson Inc.', 'Editorial Richards S.A', 1939, 1, 'activo', 'activo'),
	(507, '3G', 'Ciencias de la Computación, Información y Obras Generales', 'Enciclopedias y Diccionarios', NULL, '036.1D545', '0.113', 4, 23, 'Diccionario Enciclopédico Hispano-Americano: Tomo XVIII', 'W.M Jackson Inc.', 'Editorial Richards S.A', 1939, 1, 'activo', 'activo'),
	(508, '3G', 'Ciencias de la Computación, Información y Obras Generales', 'Enciclopedias y Diccionarios', NULL, '036.1D545', '0.114', 4, 23, 'Diccionario Enciclopédico Hispano-Americano: Tomo XIX', 'W.M Jackson Inc.', 'Editorial Richards S.A', 1939, 1, 'activo', 'activo'),
	(509, '3G', 'Ciencias de la Computación, Información y Obras Generales', 'Enciclopedias y Diccionarios', NULL, '036.1D545', '0.115', 4, 23, 'Diccionario Enciclopédico Hispano-Americano: Tomo XX', 'W.M Jackson Inc.', 'Editorial Richards S.A', 1939, 1, 'activo', 'activo'),
	(510, '3G', 'Ciencias de la Computación, Información y Obras Generales', 'Enciclopedias y Diccionarios', NULL, '036.1D545', '0.116', 4, 23, 'Diccionario Enciclopédico Hispano-Americano: Tomo XXI', 'W.M Jackson Inc.', 'Editorial Richards S.A', 1939, 1, 'activo', 'activo'),
	(511, '3G', 'Ciencias de la Computación, Información y Obras Generales', 'Enciclopedias y Diccionarios', NULL, '036.1D545', '0.117', 4, 23, 'Diccionario Enciclopédico Hispano-Americano: Tomo XXII', 'W.M Jackson Inc.', 'Editorial Richards S.A', 1939, 1, 'activo', 'activo'),
	(512, '3G', 'Ciencias de la Computación, Información y Obras Generales', 'Enciclopedias y Diccionarios', NULL, '036.1D545', '0.118', 4, 23, 'Diccionario Enciclopédico Hispano-Americano: Tomo XXIII', 'W.M Jackson Inc.', 'Editorial Richards S.A', 1939, 1, 'activo', 'activo'),
	(513, '3G', 'Ciencias de la Computación, Información y Obras Generales', 'Enciclopedias y Diccionarios', NULL, '036.1U58', '0.166', 4, 6, 'El Universo de los Jovenes: ¿Por qué?', 'Ediciones Grijalbo S.A', 'Artes Gráficas Toledo S.A', 1986, 6, 'activo', 'activo'),
	(514, '3G', 'Ciencias de la Computación, Información y Obras Generales', 'Enciclopedias y Diccionarios', NULL, '036.1U58', '0.167', 4, 6, 'El Universo de los Jovenes: ¿Por qué?', 'Ediciones Grijalbo S.A', 'Artes Gráficas Toledo S.A', 1986, 6, 'activo', 'activo'),
	(515, '3G', 'Ciencias de la Computación, Información y Obras Generales', 'Enciclopedias y Diccionarios', NULL, '036.1U58', '0.168', 4, 6, 'El Universo de los Jovenes: ¿Por qué?', 'Ediciones Grijalbo S.A', 'Artes Gráficas Toledo S.A', 1986, 6, 'activo', 'activo'),
	(516, '3G', 'Ciencias de la Computación, Información y Obras Generales', 'Enciclopedias y Diccionarios', NULL, '036.1U58', '0.169', 4, 6, 'El Universo de los Jovenes: ¿Por qué?', 'Ediciones Grijalbo S.A', 'Artes Gráficas Toledo S.A', 1986, 6, 'activo', 'activo'),
	(517, '3G', 'Ciencias de la Computación, Información y Obras Generales', 'Enciclopedias y Diccionarios', NULL, '036.1U58', '0.170', 4, 6, 'El Universo de los Jovenes: ¿Por qué?', 'Ediciones Grijalbo S.A', 'Artes Gráficas Toledo S.A', 1986, 6, 'activo', 'activo'),
	(518, '3G', 'Ciencias de la Computación, Información y Obras Generales', 'Enciclopedias y Diccionarios', NULL, '036.1N694', '0.151', 13, 14, 'La Nueva Enciclopedia Temática: Tomo 1', 'Editorial Richards S.A', 'Editorial Richards S.A', 1970, 1, 'activo', 'activo'),
	(519, '3G', 'Ciencias de la Computación, Información y Obras Generales', 'Enciclopedias y Diccionarios', NULL, '036.1N694', '0.152', 13, 14, 'La Nueva Enciclopedia Temática: Tomo 2', 'Editorial Richards S.A', 'Editorial Richards S.A', 1970, 1, 'activo', 'activo'),
	(520, '3G', 'Ciencias de la Computación, Información y Obras Generales', 'Enciclopedias y Diccionarios', NULL, '036.1N694', '0.153', 13, 14, 'La Nueva Enciclopedia Temática: Tomo 3', 'Editorial Richards S.A', 'Editorial Richards S.A', 1970, 1, 'activo', 'activo'),
	(521, '3G', 'Ciencias de la Computación, Información y Obras Generales', 'Enciclopedias y Diccionarios', NULL, '036.1N694', '0.154', 13, 14, 'La Nueva Enciclopedia Temática: Tomo 4', 'Editorial Richards S.A', 'Editorial Richards S.A', 1970, 1, 'activo', 'activo'),
	(522, '3G', 'Ciencias de la Computación, Información y Obras Generales', 'Enciclopedias y Diccionarios', NULL, '036.1N694', '0.155', 13, 14, 'La Nueva Enciclopedia Temática: Tomo 5', 'Editorial Richards S.A', 'Editorial Richards S.A', 1970, 1, 'activo', 'activo'),
	(523, '3G', 'Ciencias de la Computación, Información y Obras Generales', 'Enciclopedias y Diccionarios', NULL, '036.1N694', '0.156', 13, 14, 'La Nueva Enciclopedia Temática: Tomo 6', 'Editorial Richards S.A', 'Editorial Richards S.A', 1970, 1, 'activo', 'activo'),
	(524, '3G', 'Ciencias de la Computación, Información y Obras Generales', 'Enciclopedias y Diccionarios', NULL, '036.1N694', '0.157', 13, 14, 'La Nueva Enciclopedia Temática: Tomo 7', 'Editorial Richards S.A', 'Editorial Richards S.A', 1970, 1, 'activo', 'activo'),
	(525, '3G', 'Ciencias de la Computación, Información y Obras Generales', 'Enciclopedias y Diccionarios', NULL, '036.1N694', '0.158', 13, 14, 'La Nueva Enciclopedia Temática: Tomo 8', 'Editorial Richards S.A', 'Editorial Richards S.A', 1970, 1, 'activo', 'activo'),
	(526, '3G', 'Ciencias de la Computación, Información y Obras Generales', 'Enciclopedias y Diccionarios', NULL, '036.1N694', '0.159', 13, 14, 'La Nueva Enciclopedia Temática: Tomo 9', 'Editorial Richards S.A', 'Editorial Richards S.A', 1970, 1, 'activo', 'activo'),
	(527, '3G', 'Ciencias de la Computación, Información y Obras Generales', 'Enciclopedias y Diccionarios', NULL, '036.1N694', '0.160', 13, 14, 'La Nueva Enciclopedia Temática: Tomo 10', 'Editorial Richards S.A', 'Editorial Richards S.A', 1970, 1, 'activo', 'activo'),
	(528, '3G', 'Ciencias de la Computación, Información y Obras Generales', 'Enciclopedias y Diccionarios', NULL, '036.1N694', '0.161', 13, 14, 'La Nueva Enciclopedia Temática: Tomo 11', 'Editorial Richards S.A', 'Editorial Richards S.A', 1970, 1, 'activo', 'activo'),
	(529, '3G', 'Ciencias de la Computación, Información y Obras Generales', 'Enciclopedias y Diccionarios', NULL, '036.1N694', '0.162', 13, 14, 'La Nueva Enciclopedia Temática: Tomo 12', 'Editorial Richards S.A', 'Editorial Richards S.A', 1970, 1, 'activo', 'activo'),
	(530, '3G', 'Ciencias de la Computación, Información y Obras Generales', 'Enciclopedias y Diccionarios', NULL, '036.1N694', '0.163', 13, 14, 'La Nueva Enciclopedia Temática: Tomo 13', 'Editorial Richards S.A', 'Editorial Richards S.A', 1970, 1, 'activo', 'activo'),
	(531, '3G', 'Ciencias de la Computación, Información y Obras Generales', 'Enciclopedias', NULL, '004E56', '11.824', 1, 6, 'Enciclopedia de Informática y Computación: Multimedia', 'Cultural S.A', 'G.F Printing', 1998, 1, 'activo', 'activo'),
	(532, '3G', 'Ciencias de la Computación, Información y Obras Generales', 'Enciclopedias', NULL, '004E56', '11.825', 1, 6, 'Enciclopedia de Informática y Computación: Teleinformática', 'Cultural S.A', 'G.F Printing', 1998, 1, 'activo', 'activo'),
	(533, '3G', 'Ciencias de la Computación, Información y Obras Generales', 'Enciclopedias', NULL, '004E56', '11.826', 1, 6, 'Enciclopedia de Informática y Computación: Deontología Informática', 'Cultural S.A', 'G.F Printing', 1998, 1, 'activo', 'activo'),
	(534, '3G', 'Ciencias de la Computación, Información y Obras Generales', 'Enciclopedias', NULL, '004E56', '11.827', 1, 6, 'Enciclopedia de Informática y Computación: Hardware', 'Cultural S.A', 'G.F Printing', 1998, 1, 'activo', 'activo'),
	(535, '3G', 'Ciencias de la Computación, Información y Obras Generales', 'Enciclopedias', NULL, '004E56', '11.828', 1, 6, 'Enciclopedia de Informática y Computación: Ingenieria de Software e Inteligencia Artificia', 'Cultural S.A', 'G.F Printing', 1998, 1, 'activo', 'activo'),
	(536, '3G', 'Ciencias de la Computación, Información y Obras Generales', 'Enciclopedias', NULL, '030E56', '0.031', 5, 6, 'Enciclopedia Metódica: Larousse en seis volúmenes', 'Ediciones Larousse S.A', 'Francaises Inc.', 1978, 1, 'activo', 'activo'),
	(537, '3G', 'Ciencias de la Computación, Información y Obras Generales', 'Enciclopedias', NULL, '030E56', '0.032', 5, 6, 'Enciclopedia Metódica: Larousse en seis volúmenes', 'Ediciones Larousse S.A', 'Francaises Inc.', 1978, 1, 'activo', 'activo'),
	(538, '3G', 'Ciencias de la Computación, Información y Obras Generales', 'Enciclopedias', NULL, '030E56', '0.033', 5, 6, 'Enciclopedia Metódica: Larousse en seis volúmenes', 'Ediciones Larousse S.A', 'Francaises Inc.', 1978, 1, 'activo', 'activo'),
	(539, '3G', 'Ciencias de la Computación, Información y Obras Generales', 'Enciclopedias', NULL, '030E56', '0.034', 5, 6, 'Enciclopedia Metódica: Larousse en seis volúmenes', 'Ediciones Larousse S.A', 'Francaises Inc.', 1978, 1, 'activo', 'activo'),
	(540, '3G', 'Ciencias de la Computación, Información y Obras Generales', 'Enciclopedias', NULL, '030E56', '0.035', 5, 6, 'Enciclopedia Metódica: Larousse en seis volúmenes', 'Ediciones Larousse S.A', 'Francaises Inc.', 1978, 1, 'activo', 'activo'),
	(541, '3G', 'Ciencias de la Computación, Información y Obras Generales', 'Almanaques Mundiales', NULL, '036.1A445-D2', '0.092', 1, 1, 'Almanaque Mundial: 1995', 'Editorial América S.A', 'América S.A', 1994, 2, 'activo', 'activo'),
	(542, '3G', 'Ciencias de la Computación, Información y Obras Generales', 'Enciclopedias', NULL, '036.1D545', '0.120', 9, 12, 'Diccionario Enciclopédico Espasa. Tomo 2', 'Editorial Espasa-Calpe S.A', ' Espasa-Calpe S.A', 1985, 1, 'activo', 'activo'),
	(543, '3G', 'Ciencias de la Computación, Información y Obras Generales', 'Enciclopedias', NULL, '036.1D545', '0.121', 9, 12, 'Diccionario Enciclopédico Espasa. Tomo 3', 'Editorial Espasa-Calpe S.A', ' Espasa-Calpe S.A', 1985, 1, 'activo', 'activo'),
	(544, '3G', 'Ciencias de la Computación, Información y Obras Generales', 'Enciclopedias', NULL, '036.1D545', '0.122', 9, 12, 'Diccionario Enciclopédico Espasa. Tomo 4', 'Editorial Espasa-Calpe S.A', ' Espasa-Calpe S.A', 1985, 1, 'activo', 'activo'),
	(545, '3G', 'Ciencias de la Computación, Información y Obras Generales', 'Enciclopedias', NULL, '036.1D545', '0.123', 9, 12, 'Diccionario Enciclopédico Espasa. Tomo 5', 'Editorial Espasa-Calpe S.A', ' Espasa-Calpe S.A', 1985, 1, 'activo', 'activo'),
	(546, '3G', 'Ciencias de la Computación, Información y Obras Generales', 'Enciclopedias', NULL, '036.1D545', '0.124', 9, 12, 'Diccionario Enciclopédico Espasa. Tomo 6', 'Editorial Espasa-Calpe S.A', ' Espasa-Calpe S.A', 1985, 1, 'activo', 'activo'),
	(547, '3G', 'Ciencias de la Computación, Información y Obras Generales', 'Enciclopedias', NULL, '036.1D545', '0.125', 9, 12, 'Diccionario Enciclopédico Espasa. Tomo 7', 'Editorial Espasa-Calpe S.A', ' Espasa-Calpe S.A', 1985, 1, 'activo', 'activo'),
	(548, '3G', 'Ciencias de la Computación, Información y Obras Generales', 'Enciclopedias', NULL, '036.1D545', '0.126', 9, 12, 'Diccionario Enciclopédico Espasa. Tomo 8', 'Editorial Espasa-Calpe S.A', ' Espasa-Calpe S.A', 1985, 1, 'activo', 'activo'),
	(549, '3G', 'Ciencias de la Computación, Información y Obras Generales', 'Enciclopedias', NULL, '036.1D545', '0.127', 9, 12, 'Diccionario Enciclopédico Espasa. Tomo 9', 'Editorial Espasa-Calpe S.A', ' Espasa-Calpe S.A', 1985, 1, 'activo', 'activo'),
	(550, '3G', 'Ciencias de la Computación, Información y Obras Generales', 'Enciclopedias', NULL, '036.1D545', '0.128', 9, 12, 'Diccionario Enciclopédico Espasa. Tomo 10', 'Editorial Espasa-Calpe S.A', ' Espasa-Calpe S.A', 1985, 1, 'activo', 'activo'),
	(551, '3G', 'Ciencias de la Computación, Información y Obras Generales', 'Enciclopedias', NULL, '036.1D545', '0.129', 9, 12, 'Diccionario Enciclopédico Espasa. Tomo 11', 'Editorial Espasa-Calpe S.A', ' Espasa-Calpe S.A', 1985, 1, 'activo', 'activo'),
	(552, '3G', 'Ciencias de la Computación, Información y Obras Generales', 'Enciclopedias', NULL, '036.1D545', '0.130', 9, 12, 'Diccionario Enciclopédico Espasa. Tomo 12', 'Editorial Espasa-Calpe S.A', ' Espasa-Calpe S.A', 1985, 1, 'activo', 'activo'),
	(553, '1I', 'Infantil-X', 'Cuentos Realistas', NULL, 'CUL', '11.127', 1, 1, 'Eva en casa de la tia', 'Rita Culla', 'Juventud Barcelona (españa)', 0, 4, 'activo', 'activo'),
	(554, '1I', 'Infantil-X', 'Cuentos Realistas', NULL, 'CUL', '11.128', 1, 1, 'Eva en casa de la tia', 'Rita Culla', 'Juventud Barcelona (españa)', 0, 4, 'activo', 'activo'),
	(555, '1I', 'Infantil-X', 'Cuentos Realistas', NULL, 'CUL', '11.129', 1, 1, 'Eva en casa de la tia', 'Rita Culla', 'Juventud Barcelona (españa)', 0, 4, 'activo', 'activo'),
	(556, '1I', 'Infantil-X', 'Cuentos Realistas', NULL, 'DOU', '11.132', 1, 1, 'Aserrín, aserrán', 'Beatriz Doumerc y Ayax Barnes', 'Nordan-Box', 1984, 3, 'activo', 'activo'),
	(557, '1I', 'Infantil-X', 'Cuentos Realistas', NULL, 'DOU', '11.133', 1, 1, 'Aserrín, aserrán', 'Beatriz Doumerc y Ayax Barnes', 'Nordan-Box', 1984, 3, 'activo', 'activo'),
	(558, '1I', 'Infantil-X', 'Cuentos de Hadas y Fantasía', NULL, 'FAL', '10.874', 1, 1, 'La Onza de Oro', 'Hans Fallada', 'Labor S.A', 0, 3, 'activo', 'activo'),
	(559, '1I', 'Infantil-X', 'Cuentos de Hadas y Fantasía', NULL, 'FAL', '10.875', 1, 1, 'La Onza de Oro', 'Hans Fallada', 'Labor S.A', 0, 3, 'activo', 'activo'),
	(560, '1I', 'Infantil-X', 'Sección de los más pequeños', NULL, 'ADI', '11.427', 1, 1, 'Adivina quien soy', 'Muñecos de Vegetales', 'Froebel-kan.co ltd', 1970, 3, 'activo', 'activo'),
	(561, '1I', 'Infantil-X', 'Sección de los más pequeños', NULL, 'ADI', '11.428', 1, 1, 'Adivina quien soy', 'Muñecos de Vegetales', 'Froebel-kan.co ltd', 1970, 3, 'activo', 'activo'),
	(562, '1I', 'Infantil-X', 'Sección de los más pequeños', NULL, 'CUL', '11.495', 1, 1, '¡Que sí, que no!', 'Rita Culla', 'Juventud', 1973, 3, 'activo', 'activo'),
	(563, '1I', 'Infantil-X', 'Sección de los más pequeños', NULL, 'CUL', '11.496', 1, 1, '¡Que sí, que no!', 'Rita Culla', 'Juventud', 1973, 3, 'activo', 'activo'),
	(564, '1I', 'Infantil-X', 'Sección de los más pequeños', NULL, 'DOM', '11.517', 1, 1, 'El domingo nos divertimos', 'Muñecos de Vegetales', 'Froebel-kan.co ltd', 1971, 3, 'activo', 'activo'),
	(565, '1I', 'Infantil-X', 'Sección de los más pequeños', NULL, 'DOM', '11.518', 1, 1, 'El domingo nos divertimos', 'Muñecos de Vegetales', 'Froebel-kan.co ltd', 1971, 3, 'activo', 'activo'),
	(566, '1I', 'Infantil-X', 'Novelas Históricas', NULL, 'CAR', '11.210', 1, 1, 'Negrita', 'Onelio Jorge Cardoso', 'Lóguez Ediciones', 1985, 2, 'activo', 'activo'),
	(567, '1I', 'Infantil-X', 'Novelas Históricas', NULL, 'CUE', '11.217', 2, 1, 'Cuentos Rusos', 'Ramón Pujol', 'AFHA Internacional S.A', 1970, 2, 'activo', 'activo'),
	(568, '1I', 'Infantil-X', 'Novelas Históricas', NULL, 'DIC', '11.219', 4, 1, 'Canción de Navidad ', 'Charles Dickens', 'Grupo Anaya S.A', 1991, 2, 'activo', 'activo'),
	(569, '1I', 'Infantil-X', 'Novelas Históricas', NULL, 'KOR', '11.224', 1, 1, 'El Fuego de los Pastores', 'Concha Lopez Narvaez', 'Espasa-Calpe S.A', 1987, 1, 'activo', 'activo'),
	(570, '1I', 'Infantil-X', 'Fábulas', NULL, 'FAB', '11.247', 4, 1, 'Fábulas', 'Esopo, Fedro…', 'Andres Bello', 1992, 2, 'activo', 'activo'),
	(571, '1I', 'Infantil-X', 'Fábulas', NULL, 'FAB', '11.248', 4, 1, 'Fábulas', 'Esopo, Fedro…', 'Andres Bello', 1992, 2, 'activo', 'activo'),
	(572, '1I', 'Infantil-X', 'Fábulas', NULL, 'GUI', '11.253', 1, 1, 'Fábulas Cantadas', 'Ana María Güiraldes', 'Andres Bello', 0, 2, 'activo', 'activo'),
	(573, '1I', 'Infantil-X', 'Cuentos Venezolanos', NULL, 'ANT', '11.293', 1, 1, '¿Cenan los tigres la noche de navidad?', 'Laura Antillano', 'Monte Avila Latinoamericana', 1990, 3, 'activo', 'activo'),
	(574, '1I', 'Infantil-X', 'Cuentos Venezolanos', NULL, 'ANT', '11.294', 1, 1, '¿Cenan los tigres la noche de navidad?', 'Laura Antillano', 'Monte Avila Latinoamericana', 1990, 3, 'activo', 'activo'),
	(575, '1I', 'Infantil-X', 'Cuentos Venezolanos', NULL, 'ANZ', '10.777', 1, 1, 'Monologo de un arbol solitario', 'Rosario Anzola', 'Editorial Arte', 1983, 2, 'activo', 'activo'),
	(576, '1I', 'Infantil-X', 'Cuentos Venezolanos', NULL, 'ARA', '11.300', 1, 1, 'Los viajes de Miguel Vicente pata caliente', 'Orlando Araujo ', 'Monte Avila Latinoamericana', 1997, 1, 'activo', 'activo'),
	(577, '1I', 'Infantil-X', 'Agricultura', NULL, '630G463', '9.713', 1, 1, 'La agricultura', 'Pedro Gil Rovira', 'Timun mas', 1973, 3, 'activo', 'activo'),
	(578, '1I', 'Infantil-X', 'Agricultura', NULL, '630G463', '9.714', 1, 1, 'La agricultura', 'Pedro Gil Rovira', 'Timun mas', 1973, 3, 'activo', 'activo'),
	(579, '1I', 'Infantil-X', 'Agricultura', NULL, '634.95G793', '9.728', 1, 1, 'TOM, IRINE y su amigo el árbol', 'Alain Grée', 'Juventud', 1972, 3, 'activo', 'activo'),
	(580, '1I', 'Infantil-X', 'Agricultura', NULL, '634.95G793', '9.729', 1, 1, 'TOM, IRINE y su amigo el árbol', 'Alain Grée', 'Juventud', 1972, 3, 'activo', 'activo'),
	(581, '1I', 'Infantil-X', 'Agricultura', NULL, '633.15P481', '9.723', 3, 1, 'El libro del maíz', 'Maud y Miska Petersham', 'Juventud', 1945, 3, 'activo', 'activo'),
	(582, '1I', 'Infantil-X', 'Agricultura', NULL, '633.15P481', '9.724', 3, 1, 'El libro del maíz', 'Maud y Miska Petersham', 'Juventud', 1945, 3, 'activo', 'activo'),
	(583, '1I', 'Infantil-X', 'Petróleo', NULL, '338.1G793', '8.909', 1, 1, 'TOM,IRINE y los productos del campo', 'Alain Grée', 'Juventud', 1971, 3, 'activo', 'activo'),
	(584, '1I', 'Infantil-X', 'Petróleo', NULL, '338.1G793', '8.910', 1, 1, 'TOM,IRINE y los productos del campo', 'Alain Grée', 'Juventud', 1971, 3, 'activo', 'activo'),
	(585, '1I', 'Infantil-X', 'Petróleo', NULL, '346.017M778', '8.923', 5, 1, 'Hagamos valer Nuestros Derechos', 'Lilian Montero', 'CECODAP', 1998, 3, 'activo', 'activo'),
	(586, '1I', 'Infantil-X', 'Petróleo', NULL, '346.017M778', '8.924', 5, 1, 'Hagamos valer Nuestros Derechos', 'Lilian Montero', 'CECODAP', 1998, 3, 'activo', 'activo'),
	(587, '1I', 'Infantil-X', 'Enciclopedias-I', NULL, '001.64N938', '8.811', 2, 1, 'Mi primer diccionario de ordenadores', 'Luca Novelli', 'Anaya', 1986, 2, 'activo', 'activo'),
	(588, '1I', 'Infantil-X', 'Enciclopedias-I', NULL, '001.64N938', '8.809', 4, 1, 'Mi primer libro sobre ordenadores', 'Luca Novelli', 'Anaya', 1986, 2, 'activo', 'activo'),
	(589, '1I', 'Infantil-X', 'Enciclopedias-I', NULL, '036B228', '8.813', 7, 2, 'Mi primer enciclopedia nauta', 'Ugo Barbano', 'Ediciones Nauta', 1978, 2, 'activo', 'activo'),
	(590, '1I', 'Infantil-X', 'Enciclopedias-I', NULL, '036D545', '13.693', 1, 6, 'Diccionario Infantil Ilustrado', 'Plaza y Janes, S.A', 'Plaza y Janes S.A-Edisa S.A', 1966, 6, 'activo', 'activo'),
	(591, '1I', 'Infantil-X', 'Enciclopedias-I', NULL, '036D545', '13.694', 1, 6, 'Diccionario Infantil Ilustrado', 'Plaza y Janes, S.A', 'Plaza y Janes S.A-Edisa S.A', 1966, 6, 'activo', 'activo'),
	(592, '1I', 'Infantil-X', 'Enciclopedias-I', NULL, '036D545', '13.695', 1, 6, 'Diccionario Infantil Ilustrado', 'Plaza y Janes, S.A', 'Plaza y Janes S.A-Edisa S.A', 1966, 6, 'activo', 'activo'),
	(593, '1I', 'Infantil-X', 'Enciclopedias-I', NULL, '036D545', '13.696', 1, 6, 'Diccionario Infantil Ilustrado', 'Plaza y Janes, S.A', 'Plaza y Janes S.A-Edisa S.A', 1966, 6, 'activo', 'activo'),
	(594, '1I', 'Infantil-X', 'Enciclopedias-I', NULL, '036D545', '13.697', 1, 6, 'Diccionario Infantil Ilustrado', 'Plaza y Janes, S.A', 'Plaza y Janes S.A-Edisa S.A', 1966, 6, 'activo', 'activo'),
	(595, '1I', 'Infantil-X', 'Enciclopedias-I', NULL, '036G975', '8.817', 1, 1, 'Nosotroso y nuestro mundo', 'Gunilla y Magnus Lindberg', 'Lito S.A', 1975, 12, 'activo', 'activo'),
	(596, '1I', 'Infantil-X', 'Enciclopedias-I', NULL, '036I31', '8.820', 1, 12, 'Imágenes del mundo: Lecturas Enciclopédicas para todos', 'Timun Mas', 'Timun Mas', 1963, 12, 'activo', 'activo'),
	(597, '1I', 'Infantil-X', 'Enciclopedias-I', NULL, '036I31', '8.821', 1, 12, 'Imágenes del mundo: Lecturas Enciclopédicas para todos', 'Timun Mas', 'Timun Mas', 1963, 12, 'activo', 'activo'),
	(598, '1I', 'Infantil-X', 'Enciclopedias-I', NULL, '036I31', '8.822', 1, 12, 'Imágenes del mundo: Lecturas Enciclopédicas para todos', 'Timun Mas', 'Timun Mas', 1963, 12, 'activo', 'activo'),
	(599, '1I', 'Infantil-X', 'Enciclopedias-I', NULL, '036I31', '8.823', 1, 12, 'Imágenes del mundo: Lecturas Enciclopédicas para todos', 'Timun Mas', 'Timun Mas', 1963, 12, 'activo', 'activo'),
	(600, '1I', 'Infantil-X', 'Enciclopedias-I', NULL, '036I31', '8.824', 1, 12, 'Imágenes del mundo: Lecturas Enciclopédicas para todos', 'Timun Mas', 'Timun Mas', 1963, 12, 'activo', 'activo'),
	(601, '1I', 'Infantil-X', 'Enciclopedias-I', NULL, '036I31', '8.825', 1, 12, 'Imágenes del mundo: Lecturas Enciclopédicas para todos', 'Timun Mas', 'Timun Mas', 1963, 12, 'activo', 'activo'),
	(602, '1I', 'Infantil-X', 'Enciclopedias-I', NULL, '036I31', '8.826', 1, 12, 'Imágenes del mundo: Lecturas Enciclopédicas para todos', 'Timun Mas', 'Timun Mas', 1963, 12, 'activo', 'activo'),
	(603, '1I', 'Infantil-X', 'Enciclopedias-I', NULL, '036I31', '8.827', 1, 12, 'Imágenes del mundo: Lecturas Enciclopédicas para todos', 'Timun Mas', 'Timun Mas', 1963, 12, 'activo', 'activo'),
	(604, '1I', 'Infantil-X', 'Enciclopedias-I', NULL, '036I31', '8.828', 1, 12, 'Imágenes del mundo: Lecturas Enciclopédicas para todos', 'Timun Mas', 'Timun Mas', 1963, 12, 'activo', 'activo'),
	(605, '1I', 'Infantil-X', 'Enciclopedias-I', NULL, '036I31', '8.829', 1, 12, 'Imágenes del mundo: Lecturas Enciclopédicas para todos', 'Timun Mas', 'Timun Mas', 1963, 12, 'activo', 'activo'),
	(606, '1I', 'Infantil-X', 'Enciclopedias-I', NULL, '036L534', '8.831', 1, 1, 'Lo que los niños quieren saber: Un libro modernos para la juventud', 'Ulla Leippe', 'Everest', 1974, 3, 'activo', 'activo'),
	(607, '1I', 'Infantil-X', 'Enciclopedias-I', NULL, '036L534', '8.832', 1, 1, 'Lo que los niños quieren saber: Un libro modernos para la juventud', 'Ulla Leippe', 'Everest', 1974, 3, 'activo', 'activo'),
	(608, '1I', 'Infantil-X', 'Enciclopedias-I', NULL, '036S919', '8.836', 1, 1, 'Mi primera enciclopedia en color', 'Jean Stroud', 'Molino', 1974, 5, 'activo', 'activo'),
	(609, '1I', 'Infantil-X', 'Enciclopedias-I', NULL, '036S919', '8.837', 1, 1, 'Mi primera enciclopedia en color', 'Jean Stroud', 'Molino', 1974, 5, 'activo', 'activo'),
	(610, '1I', 'Infantil-X', 'Enciclopedias-I', NULL, '036S919', '8.838', 1, 1, 'Mi primera enciclopedia en color', 'Jean Stroud', 'Molino', 1974, 5, 'activo', 'activo'),
	(611, '1I', 'Infantil-X', 'Enciclopedias-I', NULL, '036S919', '8.839', 1, 1, 'Mi primera enciclopedia en color', 'Jean Stroud', 'Molino', 1974, 5, 'activo', 'activo'),
	(612, '1I', 'Infantil-X', 'Enciclopedias-I', NULL, '036.1I24', '8.850', 0, 1, 'Enciclopedia Abrete Sésamo:el libro de la a', 'Saro de la Iglesia y Javier Gómez Rea', 'MONTENA-ORBIS', 1995, 1, 'activo', 'activo'),
	(613, '1I', 'Infantil-X', 'Ciencias Naturales', NULL, '3723.045XT2', '8.980', 1, 1, 'Educación para la salud 2', 'Enrique carvajal y Alirio Rodriguez', 'Kapelusz Venezolana', 1973, 2, 'activo', 'activo'),
	(614, '1I', 'Infantil-X', 'Enciclopedias-I', NULL, '036.1E56', '8.844', 1, 6, 'Enciclopedia juvenil océano', 'Océano S.A', 'Oceáno', 1993, 6, 'activo', 'activo'),
	(615, '1I', 'Infantil-X', 'Enciclopedias-I', NULL, '036.1E56', '8.845', 1, 6, 'Enciclopedia juvenil océano', 'Océano S.A', 'Oceáno', 1993, 6, 'activo', 'activo'),
	(616, '1I', 'Infantil-X', 'Enciclopedias-I', NULL, '036.1E56', '8.846', 1, 6, 'Enciclopedia juvenil océano', 'Océano S.A', 'Oceáno', 1993, 6, 'activo', 'activo'),
	(617, '1I', 'Infantil-X', 'Enciclopedias-I', NULL, '036.1E56', '8.847', 1, 6, 'Enciclopedia juvenil océano', 'Océano S.A', 'Oceáno', 1993, 6, 'activo', 'activo'),
	(618, '1I', 'Infantil-X', 'Enciclopedias-I', NULL, '036.1E56', '8.848', 1, 6, 'Enciclopedia juvenil océano', 'Océano S.A', 'Oceáno', 1993, 6, 'activo', 'activo'),
	(619, '1I', 'Infantil-X', 'Ciencias Naturales', NULL, '3723.045XT6', '8.995', 1, 1, 'Ciencias naturales e higiene', 'Serafin Mazparrote', 'Editorial Biosfera', 0, 2, 'activo', 'activo'),
	(620, '1I', 'Infantil-X', 'Ciencias Naturales', NULL, '3723.045XT4', '9.016', 3, 1, 'Ciencias 4to grado', 'Luis Rey', 'Vasco Americana', 0, 2, 'activo', 'activo'),
	(621, '1I', 'Infantil-X', 'Castellano y literatura', NULL, '372.4XT3', '9.036', 8, 1, 'Jorge: Lecturas 3er grado', 'Angel Diaz y F. Otaegui', 'Angelito', 0, 2, 'activo', 'activo'),
	(622, '1I', 'Infantil-X', 'Castellano y literatura', NULL, '372.4XT2', '9.050', 9, 1, 'Venezuela en un viaje 2do grado', 'Daniel Gomez', 'NO POSEE', 1978, 2, 'activo', 'activo'),
	(623, '2E', 'Estadal-B', 'Bibliografía-Estadal', NULL, 'BALL', '12.747', 1, 1, 'Se abriran las grandes alamedas', 'Salvador Allende', 'Monte Avila', 2008, 1, 'activo', 'activo'),
	(624, '2E', 'Estadal-B', 'Bibliografía-Estadal', NULL, 'BALV', '7.541', 1, 1, 'Lisandro Alvarado', 'Pascual Venegas Filardo', 'Coleccion bibliografias escolares', 1973, 2, 'activo', 'activo'),
	(625, '2E', 'Estadal-B', 'Bibliografía-Estadal', NULL, 'B2C793', '7.528', 1, 1, 'Quién es quién en el estado Aragua', 'Brígida Corcida de Bellorin', 'IMPREUPEL', 1998, 2, 'activo', 'activo'),
	(626, '2E', 'Estadal-B', 'Bibliografía-Estadal', NULL, 'BELB', '7.553', 0, 1, 'Andrés Bello', 'Secretaría general, OEA', 'Washington D.C', 0, 2, 'activo', 'activo'),
	(627, '2E', 'Estadal-B', 'Bibliografía-Estadal', NULL, 'BARB', '7.550', 1, 1, 'Rafael Maria Baralt', 'Edgar Sanabria', 'Ediciones de la presidencia de la Republica', 1982, 2, 'activo', 'activo'),
	(628, '2E', 'Estadal-B', 'Bibliografía-Estadal', NULL, 'V864R788', '8.478', 1, 1, 'Nostalgia Viajera', 'Rafael Maria Rosales', 'Gobernación  del Estado Táchira', 1978, 2, 'activo', 'activo'),
	(629, '2E', 'Estadal-B', 'Bibliografía-Estadal', NULL, 'V864P227', '8.474', 1, 1, 'San Cristóbal Ciudad de Siempre', 'Pedro Pablo Paredes', 'Lito Formas', 1988, 2, 'activo', 'activo'),
	(630, '2E', 'Estadal-B', 'Bibliografía-Estadal', NULL, 'V864.4L864', '8.472', 3, 1, 'Obras Completas Política y Literatura', 'Luis Lopez Mendez', 'Biblioteca de Autores y Temas Tachirenses', 1992, 1, 'activo', 'activo'),
	(631, '2E', 'Estadal-B', 'Bibliografía-Estadal', NULL, 'EV860E74', '8.439', 1, 1, 'Palabras Sin Sombras', 'Jose Antonio Escalona Escalona', 'Virgen de la Consolación', 1999, 2, 'activo', 'activo'),
	(632, '1I', 'Infantil-X', 'Matemáticas', NULL, '372.7XT4', '9.117', 0, 1, 'Area de Matemáticas 4°', 'Pablo Dominguez y Ramón Rodriguez', 'Natura, S.R.L', 0, 2, 'activo', 'activo'),
	(633, '1I', 'Infantil-X', 'Matemáticas', NULL, '372.7XT1', '9.121', 0, 1, 'Matemática 1 er grado', 'NO POSEE', 'Fondo educativo Interamericano FEI, C.A', 1974, 2, 'activo', 'activo'),
	(634, '3G', 'Tecnología y Ciencias Aplicadas', 'Electrónica', NULL, '621.3A923', '4.103', 3, 1, 'Bricolage Electricidad', 'Pierre Auguste', 'Paraninfo S.A', 1993, 3, 'activo', 'activo'),
	(635, '3G', 'Tecnología y Ciencias Aplicadas', 'Electrónica', NULL, '621.380413B816', '4.117', 1, 1, 'Electrónica ', 'Lane K. Branson', 'Urmo', 1972, 2, 'activo', 'activo'),
	(636, '3G', 'Tecnología y Ciencias Aplicadas', 'Electrónica', NULL, '621.321R656', '12.721', 1, 1, 'Análisis y Diseño de Sistemas de Control en Tiempo Discreto', 'Carlos Alberto Rey Soto +', 'UNET', 2006, 2, 'activo', 'activo'),
	(637, '3G', 'Tecnología y Ciencias Aplicadas', 'Electrónica', NULL, '621.381S394', '4.123', 1, 1, 'Manual de Medidas Electricas Industriales ', 'Alexander Schure', 'Urmo', 1996, 2, 'activo', 'activo'),
	(638, '2E', 'Estadal-B', 'Bibliografía-Estadal', NULL, 'B2C793', '7.528', 1, 1, 'Quien es quien en el estado aragua', 'Bígida Córcida de Bellorín', 'IMPREUPEL', 1998, 2, 'activo', 'activo'),
	(639, '2E', 'Estadal-B', 'Bibliografía-Estadal', NULL, 'E808.86T315', '13.293', 2, 1, 'Cartas de Amor', 'María Consuelo Terán de Vivas', 'Ildefonso Méndez Salcedo', 2012, 2, 'activo', 'activo'),
	(641, '3G', 'Filosofía y Psicología', 'Filosofía-Diccionarios', NULL, '109H673', '11.860', 2, 7, 'Historia de la Filosofía', 'M.A. DYNNIK', 'Editorial Grijalbo S.A', 1965, 7, 'activo', 'activo'),
	(642, '3G', 'Filosofía y Psicología', 'Filosofía-Diccionarios', NULL, '109H673', '11.861', 2, 7, 'Historia de la Filosofía', 'M.A. DYNNIK', 'Editorial Grijalbo S.A', 1965, 7, 'activo', 'activo'),
	(643, '3G', 'Filosofía y Psicología', 'Filosofía-Diccionarios', NULL, '109H673', '11.862', 2, 7, 'Historia de la Filosofía', 'M.A. DYNNIK', 'Editorial Grijalbo S.A', 1965, 7, 'activo', 'activo'),
	(644, '3G', 'Filosofía y Psicología', 'Filosofía-Diccionarios', NULL, '109H673', '11.863', 2, 7, 'Historia de la Filosofía', 'M.A. DYNNIK', 'Editorial Grijalbo S.A', 1965, 7, 'activo', 'activo'),
	(646, '3G', 'Filosofía y Psicología', 'Filosofía-Diccionarios', NULL, '109H673', '11.859', 2, 7, 'Historia de la Filosofía', 'M.A. DYNNIK', 'Editorial Grijalbo S.A', 1965, 7, 'activo', 'activo'),
	(647, '3G', 'Filosofía y Psicología', 'Filosofía-Diccionarios', NULL, '109H673', '11.860', 2, 7, 'Historia de la Filosofía', 'M.A. DYNNIK', 'Editorial Grijalbo S.A', 1965, 7, 'activo', 'activo'),
	(648, '3G', 'Filosofía y Psicología', 'Filosofía-Diccionarios', NULL, '109H673', '11.861', 2, 7, 'Historia de la Filosofía', 'M.A. DYNNIK', 'Editorial Grijalbo S.A', 1965, 7, 'activo', 'activo'),
	(649, '3G', 'Filosofía y Psicología', 'Filosofía-Diccionarios', NULL, '109H673', '11.862', 2, 7, 'Historia de la Filosofía', 'M.A. DYNNIK', 'Editorial Grijalbo S.A', 1965, 7, 'activo', 'activo'),
	(650, '3G', 'Filosofía y Psicología', 'Filosofía-Diccionarios', NULL, '109H673', '11.863', 2, 7, 'Historia de la Filosofía', 'M.A. DYNNIK', 'Editorial Grijalbo S.A', 1965, 7, 'activo', 'activo'),
	(651, '3G', 'Filosofía y Psicología', 'Filosofía-Diccionarios', NULL, '109H673', '11.864', 2, 7, 'Historia de la Filosofía', 'M.A. DYNNIK', 'Editorial Grijalbo S.A', 1965, 7, 'activo', 'activo'),
	(654, '3G', 'Tecnología y Ciencias Aplicadas', 'Psicología', NULL, '40GT', '12.555', 12, 4, 'Matias Gonzales', 'Matias', 'Marthas', 2014, 7, 'eliminado', 'activo'),
	(655, '1I', 'Infantil-X', 'Ciencias Naturales', NULL, '1918FNF', '121.122', 2, 24, 'Prueba', 'PruebA', 'Cosmos', 2010, 1, 'eliminado', 'activo');

CREATE TABLE IF NOT EXISTS `libros_prestamo` (
  `ID_Libro_Prestamo` int(11) NOT NULL,
  `ID_Libro` int(11) DEFAULT NULL,
  `ID_Prestamo` varchar(50) DEFAULT NULL,
  `Cantidad` int(100) DEFAULT NULL,
  PRIMARY KEY (`ID_Libro_Prestamo`),
  KEY `ID_Libro_Prestamo_LPrestamoxLibro` (`ID_Libro`) USING BTREE,
  KEY `ID_Libro_PrestamoxPrestamo` (`ID_Prestamo`),
  CONSTRAINT `ID_Libro_PrestamoxLibro` FOREIGN KEY (`ID_Libro`) REFERENCES `libro` (`ID_Libro`) ON DELETE CASCADE ON UPDATE CASCADE,
  CONSTRAINT `ID_Libro_PrestamoxPrestamo` FOREIGN KEY (`ID_Prestamo`) REFERENCES `prestamo` (`ID_Prestamo`) ON DELETE CASCADE ON UPDATE CASCADE
) ENGINE=InnoDB DEFAULT CHARSET=utf8mb4 COLLATE=utf8mb4_spanish_ci COMMENT='Libros Identificado (s) y prestado (s)';


CREATE TABLE IF NOT EXISTS `prestamo` (
  `ID_Prestamo` varchar(50) NOT NULL DEFAULT '',
  `ID_Cliente` int(5) DEFAULT NULL,
  `ID_Usuario` int(11) DEFAULT NULL,
  `ID_Libro_Prestamo` int(11) DEFAULT NULL,
  `ID_Libro` int(11) DEFAULT NULL,
  `Fecha_Registro` date DEFAULT NULL,
  `Fecha_Limite` date DEFAULT NULL,
  `estado` enum('activo','eliminado') DEFAULT 'activo',
  PRIMARY KEY (`ID_Prestamo`),
  KEY `ID_PrestamoxLibro` (`ID_Libro`),
  KEY `ID_PrestamoxCliente` (`ID_Cliente`),
  KEY `ID_PrestamoxUsuario` (`ID_Usuario`),
  KEY `ID_PrestamoxLibro_Prestamo` (`ID_Libro_Prestamo`),
  CONSTRAINT `ID_PrestamoxCliente` FOREIGN KEY (`ID_Cliente`) REFERENCES `cliente` (`ID_Cliente`) ON DELETE CASCADE ON UPDATE CASCADE,
  CONSTRAINT `ID_PrestamoxLibro` FOREIGN KEY (`ID_Libro`) REFERENCES `libro` (`ID_Libro`) ON DELETE CASCADE ON UPDATE CASCADE,
  CONSTRAINT `ID_PrestamoxLibro_Prestamo` FOREIGN KEY (`ID_Libro_Prestamo`) REFERENCES `libros_prestamo` (`ID_Libro_Prestamo`) ON DELETE CASCADE ON UPDATE CASCADE,
  CONSTRAINT `ID_PrestamoxUsuario` FOREIGN KEY (`ID_Usuario`) REFERENCES `usuarios` (`ID_Usuario`) ON DELETE CASCADE ON UPDATE CASCADE
) ENGINE=InnoDB DEFAULT CHARSET=utf8mb4 COLLATE=utf8mb4_spanish_ci COMMENT='Prestamos realizados y rgistrados por el personal de la biblioteca';


CREATE TABLE IF NOT EXISTS `rol` (
  `ID_Rol` int(11) NOT NULL AUTO_INCREMENT,
  `ID_Usuario` int(11) DEFAULT NULL,
  `Nombre_Rol` varchar(50) DEFAULT NULL,
  PRIMARY KEY (`ID_Rol`),
  KEY `ID_RolxUsuario` (`ID_Usuario`),
  CONSTRAINT `ID_RolxUsuario` FOREIGN KEY (`ID_Usuario`) REFERENCES `usuarios` (`ID_Usuario`) ON DELETE NO ACTION ON UPDATE NO ACTION
) ENGINE=InnoDB AUTO_INCREMENT=3 DEFAULT CHARSET=utf8mb4 COLLATE=utf8mb4_spanish_ci COMMENT='Rol del Empleado';

INSERT INTO `rol` (`ID_Rol`, `ID_Usuario`, `Nombre_Rol`) VALUES
	(1, NULL, 'admin'),
	(2, NULL, 'superadmin');

CREATE TABLE IF NOT EXISTS `sala` (
  `ID_Sala` varchar(50) NOT NULL,
  `Nombre_Sala` varchar(30) DEFAULT NULL,
  `Total_Libros` int(11) DEFAULT NULL,
  PRIMARY KEY (`ID_Sala`)
) ENGINE=InnoDB DEFAULT CHARSET=utf8mb4 COLLATE=utf8mb4_spanish_ci COMMENT='Sala donde se almacena el (los) libro (s)';

INSERT INTO `sala` (`ID_Sala`, `Nombre_Sala`, `Total_Libros`) VALUES
	('1I', 'Sala_Infantil', NULL),
	('2E', 'Sala_Estadal', NULL),
	('3G', 'Sala_General', NULL);

CREATE TABLE IF NOT EXISTS `usuarios` (
  `ID_Usuario` int(11) NOT NULL AUTO_INCREMENT,
  `ID_Cargo` int(11) DEFAULT NULL,
  `ID_Rol` int(11) DEFAULT NULL,
  `Nombre` varchar(45) DEFAULT NULL,
  `Apellido` varchar(45) DEFAULT NULL,
  `Cedula` int(15) DEFAULT NULL,
  `Nombre_Usuario` varchar(20) DEFAULT NULL,
  `Clave` varchar(50) DEFAULT NULL,
  `estado_usuario` enum('activo','eliminado') DEFAULT 'activo',
  PRIMARY KEY (`ID_Usuario`),
  KEY `ID_UsuariosxCargo` (`ID_Cargo`),
  KEY `ID_UsuariosxRol` (`ID_Rol`),
  CONSTRAINT `ID_UsuariosxCargo` FOREIGN KEY (`ID_Cargo`) REFERENCES `cargo` (`ID_Cargo`) ON DELETE NO ACTION ON UPDATE NO ACTION,
  CONSTRAINT `ID_UsuariosxRol` FOREIGN KEY (`ID_Rol`) REFERENCES `rol` (`ID_Rol`) ON DELETE NO ACTION ON UPDATE NO ACTION
) ENGINE=InnoDB AUTO_INCREMENT=2 DEFAULT CHARSET=utf8mb4 COLLATE=utf8mb4_spanish_ci COMMENT='Usuarios registrado en la Base de Datos de la Biblioteca';

INSERT INTO `usuarios` (`ID_Usuario`, `ID_Cargo`, `ID_Rol`, `Nombre`, `Apellido`, `Cedula`, `Nombre_Usuario`, `Clave`, `estado_usuario`) VALUES
	(1, 1, 2, 'Margarita', 'Moreno', 5050, 'Marg256BPR$', 'BPR1234$', 'activo');

/*!40103 SET TIME_ZONE=IFNULL(@OLD_TIME_ZONE, 'system') */;
/*!40101 SET SQL_MODE=IFNULL(@OLD_SQL_MODE, '') */;
/*!40014 SET FOREIGN_KEY_CHECKS=IFNULL(@OLD_FOREIGN_KEY_CHECKS, 1) */;
/*!40101 SET CHARACTER_SET_CLIENT=@OLD_CHARACTER_SET_CLIENT */;
/*!40111 SET SQL_NOTES=IFNULL(@OLD_SQL_NOTES, 1) */;
